has_seizure,seizure_ratio,preictal_ratio,global_mean,global_std,global_max,global_min,global_range,global_rms,mean_amplitude,std_amplitude,mean_hjorth_activity,mean_hjorth_mobility,mean_hjorth_complexity,mean_delta_power,mean_theta_power,mean_alpha_power,mean_beta_power,mean_gamma_power,mean_spectral_entropy,mean_channel_corr,std_channel_corr,weighted_mutation_0,weighted_mutation_1,weighted_mutation_2,weighted_mutation_3,weighted_mutation_4,weighted_mutation_5,weighted_mutation_6,weighted_mutation_7,weighted_mutation_8,SCN1A_pLI,SCN8A_pLI,PRS,mutation_burden,ion_channel_burden,tier1_flag,SCN1A_severity_proxy
0,0.0,0.0,0.20347157706759153,38.25276266917839,1037.948717948718,-882.4420024420025,1920.3907203907206,38.25330381166001,0.20347157706759156,34.5231082965548,1463.2728389786746,0.447647454945158,3.108098018903257,0.4285142175373993,0.14134616279233966,0.04136493832274961,0.11286040674389301,0.10872514428656528,4.359364201628105,0.140115202486478,0.2538946897346478,0.0,0.0,0.0,0.0,0.0,0.0,0.0,0.0,0.0,1.0,1.0,1.2237973749107718,0.0,0.0,0,0.0
0,0.0,0.0,0.205757046563206,33.17058229870755,798.046398046398,-1387.6434676434676,2185.6898656898657,33.17122044781502,0.20575704656320595,31.52402238346831,1100.286508550127,0.3676322883910722,3.511495392194659,0.4290508468864566,0.15458654695873422,0.05946724992285938,0.10467049635431985,0.08592704442661367,4.11504553047457,0.11645310057612508,0.2532047897392828,0.0,0.0,0.0,0.0,0.0,0.0,0.0,0.0,0.0,1.0,1.0,1.2237973749107718,0.0,0.0,0,0.0
1,0.011111111111111112,0.5,0.19529684117546436,42.59739245922266,595.2625152625153,-721.0744810744811,1316.3369963369964,42.59784014690431,0.19529684117546434,41.888304830447986,1814.5376482863453,0.18830545201421628,6.179988002337451,0.557772989774577,0.13562013493319436,0.04097991125240597,0.04000480042552895,0.016720924117064554,3.103232244005116,0.13569651036757438,0.3034260416251291,0.0,0.0,0.0,0.0,0.0,0.0,0.0,0.0,0.0,1.0,1.0,1.2237973749107718,0.0,0.0,0,0.0
1,0.0075,0.5,0.1952930439796382,34.332927492174974,936.3614163614163,-1285.6654456654458,2222.026862026862,34.33348292201027,0.1952930439796382,33.60488241563589,1178.7496728121334,0.2676504150725239,4.749808882178626,0.5048895140348846,0.15664181505799987,0.054270117097610586,0.06801969928982199,0.03479707405485871,3.5914243235673387,0.11698432510842477,0.26875280637804994,0.0,0.0,0.0,0.0,0.0,0.0,0.0,0.0,0.0,1.0,1.0,1.2237973749107718,0.0,0.0,0,0.0
0,0.0,0.0,0.2014740677331257,41.91043931341944,1167.2771672771673,-1386.080586080586,2553.3577533577536,41.910923578988125,0.20147406773312573,37.8581108407801,1756.4842873478742,0.34883306004215714,4.211047761192054,0.5007063697988265,0.13625943136302512,0.035077781574957945,0.07384320894726369,0.07032062280120463,3.859881152384688,0.1288814907708807,0.269018143083085,0.0,0.0,0.0,0.0,0.0,0.0,0.0,0.0,0.0,1.0,1.0,1.2237973749107718,0.0,0.0,0,0.0
0,0.0,0.0,0.20021046787351138,41.10325724735178,1098.901098901099,-1570.8913308913309,2669.79242979243,41.103744848534454,0.20021046787351135,36.372707008628105,1689.4771267389344,0.38869267021815723,3.6997124452537284,0.47345900398242496,0.15206510951357294,0.04013601767626651,0.08178326854288583,0.08045625076396482,4.072461800913967,0.1507257853011418,0.27207116474201803,0.0,0.0,0.0,0.0,0.0,0.0,0.0,0.0,0.0,1.0,1.0,1.2237973749107718,0.0,0.0,0,0.0
0,0.0,0.0,0.19452354040216358,40.84015519749304,1174.3101343101343,-1497.045177045177,2671.3553113553116,40.840618457157184,0.1945235404021636,37.20116581899479,1667.9175309680097,0.3936534750880242,3.6667925033644906,0.46432162153634204,0.1398055871843055,0.038137625592200144,0.09213769934665562,0.08802675871303854,4.109270015817995,0.13212253082496697,0.2531796739600278,0.0,0.0,0.0,0.0,0.0,0.0,0.0,0.0,0.0,1.0,1.0,1.2237973749107718,0.0,0.0,0,0.0
0,0.0,0.0,0.19919663502091034,33.44865797646908,1220.805860805861,-1477.899877899878,2698.705738705739,33.4492511086005,0.1991966350209104,30.587976641343253,1118.8122266017301,0.36630445410711543,3.7014078367131837,0.4694442704585503,0.157969677204287,0.04207143527491365,0.08228388839997587,0.0753123449703212,4.005587525101502,0.12193211478206202,0.2553201522992938,0.0,0.0,0.0,0.0,0.0,0.0,0.0,0.0,0.0,1.0,1.0,1.2237973749107718,0.0,0.0,0,0.0
0,0.0,0.0,0.1996492202108144,43.18119305241654,1209.4749694749694,-1582.2222222222222,2791.6971916971916,43.18165459128676,0.1996492202108144,39.19937453711611,1864.6148783331303,0.43405181519248265,3.3241762747115,0.4431511862786387,0.13332891809599023,0.036816421759596867,0.10147885162144318,0.10490326877732675,4.24912324321684,0.12043008610013631,0.25365400006416555,0.0,0.0,0.0,0.0,0.0,0.0,0.0,0.0,0.0,1.0,1.0,1.2237973749107718,0.0,0.0,0,0.0
0,0.0,0.0,0.19551558546123765,41.503697941804646,1171.5750915750916,-1514.2368742368742,2685.811965811966,41.504158456577784,0.19551558546123765,37.95722780216577,1722.55651407585,0.46692573551182687,3.137573609429862,0.43116742826119653,0.13656429243942964,0.03632708365956788,0.10075317493204797,0.1118002419486733,4.318282069501584,0.11320793392128192,0.2391957255328919,0.0,0.0,0.0,0.0,0.0,0.0,0.0,0.0,0.0,1.0,1.0,1.2237973749107718,0.0,0.0,0,0.0
0,0.0,0.0,0.1949273519019896,36.36005450991996,916.8253968253969,-828.5225885225885,1745.3479853479853,36.360577011880196,0.19492735190198957,32.68477859881103,1322.0532340943696,0.526585312623656,2.9152618009187186,0.40343241556809556,0.14743356032746058,0.03929614262478026,0.0951988867755981,0.1347272720140474,4.283786271536939,0.13312569167923755,0.2682844542402691,0.0,0.0,0.0,0.0,0.0,0.0,0.0,0.0,0.0,1.0,1.0,1.2237973749107718,0.0,0.0,0,0.0
0,0.0,0.0,0.19803111709814608,40.93440220737321,1152.820512820513,-1243.076923076923,2395.897435897436,40.93488121881313,0.19803111709814608,37.124226368223496,1675.625014519918,0.4820642377077399,3.1668177694242208,0.42396150598435683,0.15562722419726563,0.040447878756899674,0.08697708435245934,0.11733955489597678,4.226055348452717,0.12164596772386349,0.267262923591649,0.0,0.0,0.0,0.0,0.0,0.0,0.0,0.0,0.0,1.0,1.0,1.2237973749107718,0.0,0.0,0,0.0
0,0.0,0.0,0.1997094223543499,34.587526401663,982.0757020757021,-930.5006105006105,1912.5763125763126,34.58810296097651,0.19970942235434988,32.007293904261225,1196.2966113699115,0.44510401269654903,3.3428887917184276,0.4330525598687793,0.16568894868819165,0.04147169164467671,0.07942188664299758,0.10479645809135535,4.153154861957234,0.11856251748545363,0.2543675419085712,0.0,0.0,0.0,0.0,0.0,0.0,0.0,0.0,0.0,1.0,1.0,1.2237973749107718,0.0,0.0,0,0.0
0,0.0,0.0,0.19602488895967154,42.40577636020139,876.1904761904761,-672.2344322344322,1548.4249084249084,42.406229429984776,0.19602488895967154,41.10972108406519,1798.249696448294,0.27016811837916477,5.2178256171024255,0.5077399676323907,0.15938657679586735,0.05018256628573635,0.04031329874483528,0.04438729528094933,3.4091900170249594,0.12902493762043957,0.27187925206397484,0.0,0.0,0.0,0.0,0.0,0.0,0.0,0.0,0.0,1.0,1.0,1.2237973749107718,0.0,0.0,0,0.0
1,0.011111111111111112,0.5,0.1902851325405673,50.9173326350286,870.3296703296703,-735.5311355311355,1605.8608058608058,50.917688194750305,0.1902851325405673,50.124998529082326,2592.574515060414,0.16198033417639857,7.333454435452356,0.5935501232457646,0.123019234031919,0.028554823713401945,0.016901953352424514,0.010318385713225605,2.8229643093468093,0.14208226372793864,0.30654979713225045,0.0,0.0,0.0,0.0,0.0,0.0,0.0,0.0,0.0,1.0,1.0,1.2237973749107718,0.0,0.0,0,0.0
1,0.014166666666666666,0.5,0.19203871812567463,50.90961890014901,1218.0708180708182,-759.7557997557998,1977.826617826618,50.90998109828434,0.19203871812567463,50.00184667740172,2591.7890521337868,0.19355235928858774,6.8868558290488915,0.5726511626300876,0.1213437861348381,0.035950360254950534,0.01855631141170744,0.015079251742380373,2.914168656379944,0.1454423296196835,0.314374115327221,0.0,0.0,0.0,0.0,0.0,0.0,0.0,0.0,0.0,1.0,1.0,1.2237973749107718,0.0,0.0,0,0.0
0,0.0,0.0,0.19340148746851646,50.96466217924731,585.8852258852259,-690.989010989011,1276.8742368742369,50.9650291394026,0.19340148746851646,50.027271794825154,2597.3965290208566,0.15957356419862914,8.121224329691227,0.5975461446992422,0.10047732978499453,0.020667511461429068,0.01310197472553857,0.011568512310266357,2.6589137999904007,0.15410053746835886,0.3264512053172769,0.0,0.0,0.0,0.0,0.0,0.0,0.0,0.0,0.0,1.0,1.0,1.2237973749107718,0.0,0.0,0,0.0
1,0.025,0.5,0.19201726212595774,33.0114594908718,1629.4993894993895,-1495.4822954822955,3124.9816849816852,33.012017938114965,0.19201726212595777,32.54457277948755,1089.756341759769,0.2917378492153162,5.303757210536013,0.529841556970181,0.15070485397335584,0.04793135187551463,0.039317177994002146,0.03747876045251374,3.433674961849071,0.10989762397186059,0.26171117749846773,0.0,0.0,0.0,0.0,0.0,0.0,0.0,0.0,0.0,1.0,1.0,1.2237973749107718,0.0,0.0,0,0.0
0,0.0,0.0,0.1878817103454785,35.00181260796978,1447.032967032967,-1238.3882783882784,2685.4212454212457,35.0023168573241,0.18788171034547843,34.25213162877025,1225.1266427637868,0.2926510461022391,5.070192500531479,0.4889164419427884,0.16293246593116206,0.05880937765902607,0.052538531737716276,0.043795826454933635,3.5032486404641916,0.11408277046961109,0.28124820890681773,0.0,0.0,0.0,0.0,0.0,0.0,0.0,0.0,0.0,1.0,1.0,1.2237973749107718,0.0,0.0,0,0.0
0,0.0,0.0,0.19566886452468257,35.91456123303692,1607.2283272283273,-1561.1233211233211,3168.3516483516487,35.91509424832549,0.19566886452468263,33.584374641475286,1289.8555426859457,0.26737164679122605,5.429517537848864,0.5007109879869608,0.15917361450763987,0.04995618880270727,0.05028811001796924,0.03851634872164484,3.4800834883873226,0.07944553693545432,0.22294841825999542,0.0,0.0,0.0,0.0,0.0,0.0,0.0,0.0,0.0,1.0,1.0,1.2237973749107718,0.0,0.0,0,0.0
1,0.025833333333333333,0.5,0.19164430745046684,43.310570426706256,1074.6764346764346,-1884.2490842490843,2958.925518925519,43.31099442667255,0.19164430745046682,41.8547575365952,1875.8052358321795,0.22988706563652703,5.761694466293846,0.5625626639460114,0.1592669077598536,0.040500093186550325,0.038403668337539755,0.02214686362702831,3.325615864769727,0.11905300111297876,0.25447034465342405,0.0,0.0,0.0,0.0,0.0,0.0,0.0,0.0,0.0,1.0,1.0,1.2237973749107718,0.0,0.0,0,0.0
0,0.0,0.0,0.19574514991181657,46.225882555294056,977.7777777777778,-928.5470085470085,1906.3247863247864,46.22629699834882,0.1957451499118166,42.16933234938675,2136.8313197237007,0.2845022794530356,5.401267079783796,0.535402845772408,0.13930348945792695,0.032303837571624514,0.045745742170915364,0.0544764974601659,3.539144020756811,0.12035761825515966,0.26117404017614315,0.0,0.0,0.0,0.0,0.0,0.0,0.0,0.0,0.0,1.0,1.0,1.2237973749107718,0.0,0.0,0,0.0
0,0.0,0.0,0.19846595131921219,49.88677521039555,1713.8949938949938,-1400.5372405372405,3114.4322344322345,49.88716999015247,0.1984659513192122,46.823136344796715,2488.6892042304935,0.32403414486607196,4.6158748164943555,0.5121317764172565,0.1457252809613893,0.03642639036598684,0.057639001278360726,0.06142515747828658,3.7347721575785435,0.08507238190942243,0.23510294334667012,0.0,0.0,0.0,0.0,0.0,0.0,0.0,0.0,0.0,1.0,1.0,1.2237973749107718,0.0,0.0,0,0.0
0,0.0,0.0,0.19523538558864645,37.89183072611497,1167.6678876678877,-1386.4713064713064,2554.139194139194,37.89233369208522,0.19523538558864645,34.92486365877545,1435.7899573863372,0.3074400280430006,4.402059452809181,0.504770463652453,0.18309116916983126,0.04629976725194162,0.06182353301710321,0.04882497530297631,3.787955708820179,0.12433939541215377,0.2600859754427189,0.0,0.0,0.0,0.0,0.0,0.0,0.0,0.0,0.0,1.0,1.0,1.2237973749107718,0.0,0.0,0,0.0
0,0.0,0.0,0.19437198436292638,47.29992768428772,1583.7851037851037,-1599.023199023199,3182.808302808303,47.3003270539132,0.19437198436292635,45.00296065274115,2237.2826359417463,0.3304837429032939,4.491594703134967,0.48739743444800254,0.15642775561875183,0.039963577847147554,0.06987596397475579,0.07130094496773257,3.8843776136422368,0.06992697372099939,0.22541020045791385,0.0,0.0,0.0,0.0,0.0,0.0,0.0,0.0,0.0,1.0,1.0,1.2237973749107718,0.0,0.0,0,0.0
1,0.028055555555555556,0.5,0.1938254099544422,49.318064018569146,1110.6227106227107,-1278.2417582417581,2388.864468864469,49.31844489467636,0.19382540995444222,48.3026190006228,2432.27115504391,0.22069463893533758,5.673434884628879,0.5405998495616366,0.1956864346504041,0.045877573865557,0.04079716158154739,0.023501882247061574,3.451101325607747,0.08905414317224439,0.2364702761173244,0.0,0.0,0.0,0.0,0.0,0.0,0.0,0.0,0.0,1.0,1.0,1.2237973749107718,0.0,0.0,0,0.0
0,0.0,0.0,0.19012703279007626,119.63900505991123,1787.7411477411476,-1607.2283272283273,3394.969474969475,119.6391561321546,0.19012703279007623,115.55222757697017,14313.487056232498,1.110759035451664,1.442859373005275,0.08792582380638626,0.05588306086200424,0.03673611679864326,0.19496725167514772,0.2423905908820918,4.975497131788368,0.006553446529153746,0.33937537822896613,0.0,0.0,0.0,0.0,0.0,0.0,0.0,0.0,0.0,1.0,1.0,1.2237973749107718,0.0,0.0,0,0.0
0,0.0,0.0,0.20310767298991936,83.0622478888731,2280.0488400488402,-2060.4639804639805,4340.51282051282,83.06249621266768,0.20310767298991936,81.50618636599987,6899.334137020225,0.9772374358221524,1.660369597379387,0.18900952702284998,0.07133386338091516,0.03642376416861498,0.1614376669292595,0.20368549997837448,4.941098811245911,0.027072374588663562,0.2852858437513085,0.0,0.0,0.0,0.0,0.0,0.0,0.0,0.0,0.0,1.0,1.0,1.2237973749107718,0.0,0.0,0,0.0
0,0.0,0.0,0.1950580602301617,44.327918745136095,1213.3821733821733,-1181.3431013431014,2394.7252747252746,44.328347904272825,0.19505806023016167,42.04159029555838,1964.9638738803108,0.5003033240072488,3.283195344221898,0.45101902766001134,0.1478813057366411,0.03573224685598801,0.058765963997502675,0.09559888294714514,4.043745659962046,0.07915434960322575,0.22642727861722586,0.0,0.0,0.0,0.0,0.0,0.0,0.0,0.0,0.0,1.0,1.0,1.2237973749107718,0.0,0.0,0,0.0
0,0.0,0.0,0.20058482345620027,47.19884779681784,1599.023199023199,-1702.5641025641025,3301.587301587301,47.19927401580004,0.20058482345620024,44.70413578881597,2227.730805229973,0.5022524031108623,3.2561054771380666,0.4440853528759753,0.13584084317638287,0.03667004644705248,0.06452799177183932,0.10164415252463312,4.0786857265138625,0.046527949387587794,0.21567114776134427,0.0,0.0,0.0,0.0,0.0,0.0,0.0,0.0,0.0,1.0,1.0,1.2237973749107718,0.0,0.0,0,0.0
0,0.0,0.0,0.19534930146343188,61.51764858915715,1638.095238095238,-1720.9279609279608,3359.0231990231987,61.51795875424192,0.1953493014634319,57.995514328743816,3784.4204964892006,0.47923264611921984,3.1213668561680854,0.4304161016269674,0.140443244166201,0.04363029697757839,0.09675518578745089,0.11677432524511601,4.374250111180758,0.04239450572970821,0.20396388215358738,0.0,0.0,0.0,0.0,0.0,0.0,0.0,0.0,0.0,1.0,1.0,1.2237973749107718,0.0,0.0,0,0.0
0,0.0,0.0,0.1976153057221898,42.86194674892742,1116.8742368742369,-1205.5677655677655,2322.4420024420024,42.86240229988219,0.19761530572218977,40.81356394033785,1837.146298701055,0.5022132786501277,3.2801150193429405,0.42316009589879655,0.14807901091190975,0.036149280624569985,0.06723834432415182,0.14558728336552207,4.096060546760104,0.06838883416854587,0.23558354328368145,0.0,0.0,0.0,0.0,0.0,0.0,0.0,0.0,0.0,1.0,1.0,1.2237973749107718,0.0,0.0,0,0.0
0,0.0,0.0,0.19534290521609363,53.037032765885535,1851.4285714285713,-2129.230769230769,3980.65934065934,53.03739250246221,0.19534290521609368,48.78535130516394,2812.926272626181,0.514635448808449,3.3425494996492806,0.40611443340051995,0.11890095628372624,0.03551143683873953,0.07644896548866853,0.1597173444726556,4.174569881976387,0.029182163438005133,0.21947157199744396,0.0,0.0,0.0,0.0,0.0,0.0,0.0,0.0,0.0,1.0,1.0,1.2237973749107718,0.0,0.0,0,0.0
0,0.0,0.0,0.20080863681407157,54.86244796534413,1275.8974358974358,-1275.5067155067154,2551.404151404151,54.86281546602135,0.2008086368140716,51.807688732381074,3009.8865628129633,0.702940648812833,2.3850752545517477,0.3514381198065054,0.10697686131600855,0.034065506614019025,0.11783171910550279,0.15990492801921816,5.064878320055746,0.06526044823694434,0.26397087442858175,0.0,0.0,0.0,0.0,0.0,0.65,0.0,0.0,0.0,1.0,1.0,2.2104067476223306,0.65,0.0,0,0.0
0,0.0,0.0,0.20022965661552614,30.7177685418953,804.2979242979243,-742.1733821733822,1546.4713064713064,30.718421120051744,0.20022965661552622,30.371205488783716,943.5795509883645,0.4494288367990973,3.611537730796373,0.3639574225069207,0.1799798186589594,0.06271569900877479,0.13309977037218254,0.12195906954433354,4.529042270275899,0.09787918588112775,0.2580954760162605,0.0,0.0,0.0,0.0,0.0,0.65,0.0,0.0,0.0,1.0,1.0,2.2104067476223306,0.65,0.0,0,0.0
0,0.0,0.0,0.2016338080196776,64.00090987910046,1261.8315018315018,-1261.4407814407814,2523.272283272283,64.00122750030094,0.20163380801967754,59.99369781278882,4096.109163557331,0.6694432652676546,2.45848745422002,0.35140008294475455,0.10619259335332737,0.03802221732819609,0.133893338240938,0.16621142483409118,5.027754649262495,0.07612827977471623,0.2712620115421828,0.0,0.0,0.0,0.0,0.0,0.65,0.0,0.0,0.0,1.0,1.0,2.2104067476223306,0.65,0.0,0,0.0
0,0.0,0.0,0.20437700550925186,44.52522772980338,1366.935286935287,-1366.5445665445666,2733.479853479854,44.52569678681326,0.20437700550925192,42.145145302543,1982.4922909960271,0.6093433208762721,2.6585732758794096,0.31920330781082745,0.13871675154251625,0.05486162761506779,0.15469737874637357,0.16707846358996922,4.991374620931881,0.06569950155096509,0.25675057297251835,0.0,0.0,0.0,0.0,0.0,0.65,0.0,0.0,0.0,1.0,1.0,2.2104067476223306,0.65,0.0,0,0.0
0,0.0,0.0,0.20798131853385474,44.77884932057636,910.5738705738705,-727.7167277167277,1638.2905982905982,44.779332316412905,0.20798131853385482,42.587618010267434,2005.1424481474317,0.5124628971103116,3.3797904602399376,0.3327482467416166,0.1342249771335241,0.050360836167129316,0.15767667687965395,0.1835514798434364,4.651850215885409,0.0856913797277014,0.2680470274180871,0.0,0.0,0.0,0.0,0.0,0.65,0.0,0.0,0.0,1.0,1.0,2.2104067476223306,0.65,0.0,0,0.0
0,0.0,0.0,0.20889334598573728,49.385119716478115,1311.062271062271,-1228.2295482295483,2539.2918192918196,49.38556151185154,0.20889334598573722,47.736208012950485,2438.887207234965,0.5355902786184512,3.256203518565403,0.36143276072556807,0.11446483253672889,0.04326241645116975,0.1400218372362211,0.1648302286181656,4.659618051862057,0.07249892121284274,0.24786665596351387,0.0,0.0,0.0,0.0,0.0,0.65,0.0,0.0,0.0,1.0,1.0,2.2104067476223306,0.65,0.0,0,0.0
0,0.0,0.0,0.21133754195348398,44.38065463036491,1280.5860805860807,-1336.068376068376,2616.6544566544567,44.3811578147345,0.211337541953484,43.01802777053735,1969.6396732034707,0.4859181371630482,3.589273066619024,0.34847638220489885,0.12889143740208286,0.05039292620696157,0.1501105193927263,0.16978209032088937,4.570409877738919,0.07291149942379019,0.25183049289829224,0.0,0.0,0.0,0.0,0.0,0.65,0.0,0.0,0.0,1.0,1.0,2.2104067476223306,0.65,0.0,0,0.0
0,0.0,0.0,0.21171254269080358,50.65260433093593,1311.4529914529915,-1334.114774114774,2645.5677655677655,50.65304677615239,0.21171254269080358,48.48942863441223,2565.6835632613443,0.4673651236538777,3.6655476105726343,0.37469682739719107,0.13590726334657927,0.053858934411715575,0.1258796837835694,0.1450482257048612,4.5046283078080505,0.07064437454526482,0.23813261648028325,0.0,0.0,0.0,0.0,0.0,0.65,0.0,0.0,0.0,1.0,1.0,2.2104067476223306,0.65,0.0,0,0.0
0,0.0,0.0,0.2013050925188606,44.09183760881404,1166.886446886447,-1187.5946275946276,2354.4810744810748,44.09229714431198,0.20130509251886064,43.50743590150544,1944.0898363355661,0.22057818344751726,6.831719667274284,0.5736101570643704,0.11403012725193559,0.031161733671693215,0.02538270598417468,0.019676497933780426,3.035939403104065,0.10856703563637783,0.26425910244808615,0.0,0.0,0.0,0.0,0.0,0.65,0.0,0.0,0.0,1.0,1.0,2.2104067476223306,0.65,0.0,0,0.0
0,0.0,0.0,0.19201541882701303,37.59016572586074,748.4249084249084,-1332.161172161172,2080.5860805860802,37.590656142434426,0.19201541882701306,37.066001583872065,1413.020441015831,0.20237779048219875,6.955080136250987,0.5462780746835988,0.13646354857953732,0.039983076133994135,0.02515389371053083,0.0154879799421058,3.0736034223242212,0.12103090099610174,0.28652810762419934,0.0,0.0,0.0,0.0,0.0,0.65,0.0,0.0,0.0,1.0,1.0,2.2104067476223306,0.65,0.0,0,0.0
0,0.0,0.0,0.19515339565158407,32.1671369532835,1184.078144078144,-1217.6800976800978,2401.7582417582416,32.16772893163475,0.19515339565158404,31.648696059259805,1034.7245896613413,0.2114862725470687,6.794788247463835,0.5441638280000303,0.13766924647428766,0.03682119706837866,0.029220958119638544,0.017767844921520816,3.1280752404983367,0.11996507146409195,0.29299878099743276,0.0,0.0,0.0,0.0,0.0,0.65,0.0,0.0,0.0,1.0,1.0,2.2104067476223306,0.65,0.0,0,0.0
0,0.0,0.0,0.19196443317820128,23.555733229323632,999.2673992673992,-1112.1855921855922,2111.4529914529912,23.556515411127066,0.19196443317820125,23.278468398504618,554.8723987169025,0.25739741284618906,5.434673071202065,0.4931093418513311,0.18926578599140026,0.061223221574784235,0.04803920950951832,0.02567170606538004,3.594482930855861,0.11009654146196714,0.27198616654347935,0.0,0.0,0.0,0.0,0.0,0.65,0.0,0.0,0.0,1.0,1.0,2.2104067476223306,0.65,0.0,0,0.0
0,0.0,0.0,0.19267793733373445,37.782006334093815,1381.001221001221,-1465.7875457875457,2846.7887667887667,37.782497633388935,0.19267793733373442,36.82701598166384,1427.4799607521538,0.2608773833335083,6.548345854266623,0.5528496632003451,0.10738143681509806,0.025654313312301037,0.034143001671090294,0.02881634561492441,3.1626349329380004,0.0925649731340301,0.26820360414340183,0.0,0.0,0.0,0.0,0.0,0.65,0.0,0.0,0.0,1.0,1.0,2.2104067476223306,0.65,0.0,0,0.0
0,0.0,0.0,0.20037914815994523,29.601736894584743,1337.2405372405372,-1627.1550671550672,2964.395604395604,29.602415086935675,0.2003791481599453,29.148254419964786,876.2624703576006,0.41578238237078635,4.43833120412303,0.4464724952109302,0.15368496071545606,0.048220688821103246,0.07546467995104583,0.07476711007799022,4.125950226740186,0.08807268361879146,0.23949141699732285,0.0,0.0,0.0,0.0,0.0,0.65,0.0,0.0,0.0,1.0,1.0,2.2104067476223306,0.65,0.0,0,0.0
0,0.0,0.0,0.20028692791373948,63.18185634394594,1807.2771672771673,-1701.001221001221,3508.2783882783883,63.1821737986318,0.20028692791373945,57.49043452480546,3991.9442975614797,0.488337919372456,3.6354884456954726,0.3684551302741224,0.1173169251428238,0.04515226547202341,0.14056378263474564,0.163817221146509,4.51178441314147,0.046730525144641794,0.24309239455230863,0.0,0.0,0.0,0.0,0.0,0.65,0.0,0.0,0.0,1.0,1.0,2.2104067476223306,0.65,0.0,0,0.0
1,0.0225,0.5,0.20423180885137404,117.6493924843856,2992.7228327228327,-2782.124542124542,5774.847374847375,117.64956975092069,0.20423180885137415,112.91334620824605,13841.350155582291,0.8905244434625604,1.9147894456011845,0.26782107776111025,0.11655255982807071,0.05264469216274658,0.11054719875122912,0.15346454790957983,4.751042599792006,-0.00859507549882699,0.32365539830453954,0.0,0.0,0.0,0.0,0.0,0.65,0.0,0.0,0.0,1.0,1.0,2.2104067476223306,0.65,0.0,0,0.0
1,0.02277777777777778,0.5,0.2019262530098093,96.62860288703085,1677.5579975579976,-1741.2454212454213,3418.803418803419,96.62881387097309,0.20192625300980924,84.31882918396529,9337.084836637287,0.3389114377277344,4.483979732892176,0.48683710510895567,0.13288622502229192,0.04470622579497297,0.08261430114388546,0.05843707169909392,3.869031323477884,0.03659887833941579,0.19731646820246942,0.0,0.0,0.0,0.0,0.0,0.65,0.0,0.0,0.0,1.0,1.0,2.2104067476223306,0.65,0.0,0,0.0
0,0.0,0.0,0.2046949930102104,69.54775019125248,1783.8339438339437,-1800.6349206349207,3584.4688644688645,69.54805142277549,0.2046949930102104,67.04859240294485,4836.888394653516,0.3842615166024093,4.135049326904087,0.4880302428756554,0.1032456820105117,0.04237045259266488,0.07320026567299971,0.06766216919638228,3.8484139383794465,0.036282191990267054,0.22780209801811663,0.0,0.0,0.0,0.0,0.0,0.65,0.0,0.0,0.0,1.0,1.0,2.2104067476223306,0.65,0.0,0,0.0
0,0.0,0.0,0.20790176175139943,46.619266918786444,1787.3504273504273,-1804.5421245421246,3591.8925518925516,46.61973049243845,0.20790176175139943,43.93601485501068,2173.354535191614,0.35887689606032114,4.474251506459035,0.4483892390641667,0.1303467062905318,0.06413658547303688,0.08479534486239779,0.07938234840864447,4.01764625529833,0.054299862871151794,0.23128009264773514,0.0,0.0,0.0,0.0,0.0,0.65,0.0,0.0,0.0,1.0,1.0,2.2104067476223306,0.65,0.0,0,0.0
1,0.0025,0.5,0.20967062828475871,61.980166397360215,1867.0573870573871,-1846.7399267399267,3713.797313797314,61.980521040217354,0.20967062828475874,57.34878082407335,3841.537456980072,0.4877424376922757,3.3915229179703026,0.4270394521454565,0.10559510841775226,0.04797269196239595,0.10332717822624997,0.1061884250660029,4.379500552646813,0.03597502869707257,0.22100550481566136,0.0,0.0,0.0,0.0,0.0,0.65,0.0,0.0,0.0,1.0,1.0,2.2104067476223306,0.65,0.0,0,0.0
0,0.0,0.0,0.18826655429916297,71.20996563547227,2071.013431013431,-1985.4456654456656,4056.459096459096,71.2102145067729,0.18826655429916297,67.24357486640093,5070.8542356343605,0.618437092726115,2.576075213014991,0.3570833707996147,0.1084098819829015,0.047304508243149954,0.13882801213302465,0.15729417156270378,4.95733594896686,0.0327531788484096,0.22809299169512465,0.0,0.0,0.0,0.0,0.0,0.65,0.0,0.0,0.0,1.0,1.0,2.2104067476223306,0.65,0.0,0,0.0
0,0.0,0.0,0.19786466720343532,57.312730412685305,2012.7960927960928,-2065.934065934066,4078.730158730159,57.313071962543326,0.1978646672034353,53.590184146365424,3284.7467696178323,0.5121003904471744,3.195813290135092,0.3341758047808959,0.12393512376304396,0.05525512167366831,0.15935620344755225,0.18255694400228184,4.732404266965816,0.033924143070592126,0.23272844675723234,0.0,0.0,0.0,0.0,0.0,0.65,0.0,0.0,0.0,1.0,1.0,2.2104067476223306,0.65,0.0,0,0.0
0,0.0,0.0,0.2116205436404712,74.90133215150837,1864.7130647130648,-2022.5641025641025,3887.2771672771673,74.90163109922955,0.2116205436404712,66.68206787954838,5610.206547934228,0.4904460925670837,3.3364544403866954,0.3498422387744582,0.1281263763116743,0.05082837246260216,0.15934858891090853,0.16402054450535325,4.677057655790703,0.027389294887434044,0.22443890918969672,0.0,0.0,0.0,0.0,0.0,0.65,0.0,0.0,0.0,1.0,1.0,2.2104067476223306,0.65,0.0,0,0.0
0,0.0,0.0,0.1983311324343933,67.80076686521568,1971.3797313797313,-2060.8547008547007,4032.234432234432,67.80105694419093,0.19833113243439332,63.60563892942492,4596.939507473369,0.7236063309373373,2.221221605846236,0.31837022256235226,0.08665895533767762,0.039014664888671266,0.1280107128164245,0.24604988461791838,5.304367653174055,0.05774457671156288,0.2407408580954979,0.0,0.0,0.0,0.0,0.0,0.65,0.0,0.0,0.0,1.0,1.0,2.2104067476223306,0.65,0.0,0,0.0
0,0.0,0.0,0.2016102137931848,59.15142874161873,2157.3626373626375,-1863.1501831501832,4020.512820512821,59.151772322163815,0.20161021379318478,55.090978387299856,3498.8885170792664,0.6560106542739941,2.4906048341510916,0.32337764033455696,0.09504458126511235,0.04502177458889923,0.13534780544528663,0.2317128382385318,5.131090887725307,0.046555006429569536,0.229973181277767,0.0,0.0,0.0,0.0,0.0,0.65,0.0,0.0,0.0,1.0,1.0,2.2104067476223306,0.65,0.0,0,0.0
0,0.0,0.0,0.1990682123834298,46.9635413062842,1583.7851037851037,-2223.7851037851037,3807.5702075702075,46.963963207764344,0.19906821238342975,45.01253104982943,2205.57381578803,0.5267361190973713,3.3363963069364995,0.3553857010404236,0.11680585278031991,0.05619871639623603,0.11452134311548248,0.2023370758676011,4.7105531486006065,0.052540353097240776,0.22332343034786847,0.0,0.0,0.0,0.0,0.0,0.65,0.0,0.0,0.0,1.0,1.0,2.2104067476223306,0.65,0.0,0,0.0
0,0.0,0.0,0.20136955268295845,65.18499058063712,1947.1550671550672,-2235.897435897436,4183.052503052503,65.18530161542937,0.20136955268295847,60.72775906998312,4249.082121139555,0.48245225118647633,4.074185207561536,0.38692837734735763,0.10721003817384221,0.047798569258558125,0.09665014852801168,0.18137655959708815,4.444387348291436,0.03659040470876951,0.21277919445017054,0.0,0.0,0.0,0.0,0.0,0.65,0.0,0.0,0.0,1.0,1.0,2.2104067476223306,0.65,0.0,0,0.0
0,0.0,0.0,0.20060329331162666,57.17422241739064,2124.932844932845,-1993.6507936507937,4118.583638583639,57.1745743378518,0.20060329331162663,54.04455290911732,3268.8913714550004,0.2777244516031921,5.776140997177242,0.5447704869489685,0.11896967505033755,0.038545615518408474,0.03136544505614678,0.04882772688119819,3.310847164432988,0.06096877083426124,0.22844545091809473,0.0,0.0,0.0,0.0,0.0,0.65,0.0,0.0,0.0,1.0,1.0,2.2104067476223306,0.65,0.0,0,0.0
1,0.014444444444444444,0.5,0.2147455252074817,47.69410289263654,2786.813186813187,-2640.29304029304,5427.106227106227,47.694586342414155,0.2147455252074817,41.83245173421279,2274.7258027187554,0.4892265228964456,3.7605318768982317,0.42755121031268273,0.10524522892114589,0.04424956556843239,0.10132315532058525,0.10220596256655211,4.3564719090347195,0.09433106844742771,0.25754876411455874,0.0,0.0,0.0,0.0,0.0,0.0,0.0,0.0,0.0,1.0,1.0,1.3021888972436644,0.0,0.0,0,0.0
1,0.018055555555555554,0.5,0.19943830994555634,54.11851924301824,1543.931623931624,-1425.5433455433456,2969.47496947497,54.11888672816921,0.19943830994555634,49.101732358659845,2928.8113971197113,0.5821658823729134,3.0693447747011597,0.43517298325774134,0.0817323695297639,0.026285130947354768,0.09363992096068696,0.11878417773948677,4.448085308659678,0.1030171232459156,0.29844912615622915,0.0,0.0,0.0,0.0,0.0,0.0,0.0,0.0,0.0,1.0,1.0,1.3021888972436644,0.0,0.0,0,0.0
1,0.019166666666666665,0.5,0.1941642630048427,65.81462775623855,1371.2332112332113,-1370.8424908424909,2742.075702075702,65.81491416429314,0.19416426300484274,59.491667147264295,4331.555211953453,0.6206400060771363,2.805457131604285,0.44709564328031776,0.07498643385880584,0.020593805638387037,0.08687640759436623,0.1195525988874928,4.435047904023047,0.09661917267834438,0.34384418614159395,0.0,0.0,0.0,0.0,0.0,0.0,0.0,0.0,0.0,1.0,1.0,1.3021888972436644,0.0,0.0,0,0.0
1,0.014444444444444444,0.5,0.210021684568786,32.53038654246964,800.7814407814408,-898.8522588522588,1699.6336996336995,32.53106450318648,0.210021684568786,27.250692509571433,1058.2240499389554,0.42811241782758414,3.856520814913501,0.46033520276904566,0.09665770503879276,0.029589562153672123,0.11049110370678333,0.10388616176386123,4.144498291940617,0.16729546170303938,0.28931132588413366,0.0,0.0,0.0,0.0,0.0,0.0,0.0,0.0,0.0,1.0,1.0,1.3021888972436644,0.0,0.0,0,0.0
0,0.0,0.0,0.20622710622710622,26.02751670826196,1134.8473748473748,-940.2686202686202,2075.1159951159952,26.028333708061265,0.20622710622710622,23.789306927173158,677.4314220254597,0.2691658082264778,5.818005850605867,0.5491775348652584,0.0739976453511736,0.032362029972979156,0.06176117625146527,0.03109712782550372,3.254626865461691,0.1293424169742255,0.2659291086455879,0.0,0.0,0.0,0.0,0.0,0.0,0.0,0.0,0.0,1.0,1.0,1.3021888972436644,0.0,0.0,0,0.0
0,0.0,0.0,0.19058348890776425,27.973605249096643,876.1904761904761,-540.5616605616606,1416.7521367521367,27.974254461889267,0.19058348890776425,27.547313831060613,782.5224490535151,0.13023236472802566,8.03192489666985,0.5876226459525622,0.06021345585011328,0.03154348932711741,0.027421032463809027,0.005895904355061155,2.545238746547189,0.1530008491549265,0.31278464779953646,0.0,0.0,0.0,0.0,0.0,0.0,0.0,0.0,0.0,1.0,1.0,1.3021888972436644,0.0,0.0,0,0.0
0,0.0,0.0,0.19321594099673808,20.21455974436799,826.959706959707,-860.952380952381,1687.9120879120878,20.215483127011286,0.19321594099673808,19.65328107385732,408.6281885220029,0.4200162133976665,3.9423735167599823,0.45703997021784376,0.0749208517400259,0.04852519161960171,0.11154802977431733,0.06411417283655259,4.009570180931789,0.11401611346129911,0.25885660014453593,0.0,0.0,0.0,0.0,0.0,0.0,0.0,0.0,0.0,1.0,1.0,1.3021888972436644,0.0,0.0,0,0.0
0,0.0,0.0,0.19011840615101483,20.094475377640048,572.6007326007326,-798.046398046398,1370.6471306471308,20.09537473427504,0.19011840615101477,19.307400340506444,403.78750865318545,0.28840960120525644,5.101398964125358,0.5032920637691994,0.08084814648049088,0.06580178175358561,0.08126298481177263,0.031554188786402294,3.4919603349248987,0.12953210738050128,0.2947422009830122,0.0,0.0,0.0,0.0,0.0,0.0,0.0,0.0,0.0,1.0,1.0,1.3021888972436644,0.0,0.0,0,0.0
0,0.0,0.0,0.19639959476916,14.878804249692488,414.35897435897436,-394.04151404151406,808.4004884004885,14.880100426458576,0.19639959476915997,14.226581253067247,221.3786753702617,0.2224213404231999,5.15693625831696,0.5063359491161659,0.12647990110891041,0.08164074964987475,0.08932607776299947,0.010460009661457938,3.5182378128112424,0.1392976397591679,0.31329707873568763,0.0,0.0,0.0,0.0,0.0,0.0,0.0,0.0,0.0,1.0,1.0,1.3021888972436644,0.0,0.0,0,0.0
0,0.0,0.0,0.20429182666501505,33.80939615352263,829.3040293040293,-1108.2783882783883,1937.5824175824177,33.81001336019069,0.20429182666501502,30.752069142970186,1143.074277595664,0.5019047845716115,3.6925115716218926,0.43048215305086873,0.06177769728199793,0.03528864206738693,0.10503777365057741,0.10855280937950373,4.239421359445761,0.12450562431419634,0.25102549495328214,0.0,0.0,0.0,0.0,0.0,0.0,0.0,0.0,0.0,1.0,1.0,1.3021888972436644,0.0,0.0,0,0.0
0,0.0,0.0,0.19474886526516963,17.274216886773253,1072.3321123321123,-872.2832722832723,1944.6153846153845,17.27531464754852,0.19474886526516963,17.027557299734337,298.3985240789862,0.3560214345093105,4.134306771621197,0.45423467768782144,0.09594400082656787,0.08316959736891316,0.10894251678923113,0.04607367560273322,3.9344138276459026,0.10582507678978875,0.2682391267756088,0.0,0.0,0.0,0.0,0.0,0.0,0.0,0.0,0.0,1.0,1.0,1.3021888972436644,0.0,0.0,0,0.0
0,0.0,0.0,0.19680523113494128,11.230558223625241,261.1965811965812,-333.0891330891331,594.2857142857142,11.232282506829973,0.19680523113494125,11.017646710192746,126.12536055470191,0.2817626583011571,4.292720685022828,0.46849346989890295,0.15559637605149254,0.09416579190310523,0.11691337000270725,0.017347413298429756,3.8653500617451995,0.13952406092916655,0.30156815965504824,0.0,0.0,0.0,0.0,0.0,0.0,0.0,0.0,0.0,1.0,1.0,1.3021888972436644,0.0,0.0,0,0.0
0,0.0,0.0,0.1957307168810792,14.626768663546217,687.4725274725274,-769.9145299145299,1457.3870573870572,14.628078207694559,0.19573071688107915,14.353899539434519,213.94184752717877,0.36032406572144654,3.9176379640805963,0.4164177478123659,0.10728239122439283,0.11071732268142004,0.14009788881766363,0.04866554858770036,4.132236250001083,0.12368263484602254,0.27624101501465637,0.0,0.0,0.0,0.0,0.0,0.0,0.0,0.0,0.0,1.0,1.0,1.3021888972436644,0.0,0.0,0,0.0
0,0.0,0.0,0.1963433188523768,12.740082461321995,858.6080586080586,-632.3809523809524,1490.9890109890111,12.741595340464325,0.19634331885237682,12.575037060904206,162.30962850628242,0.2857630341853817,4.588040451145484,0.48473056278383025,0.15643461558668284,0.07066804228938324,0.09852635087831531,0.024249221397364483,3.8181914197078015,0.10637256329710965,0.26269100461603573,0.0,0.0,0.0,0.0,0.0,0.0,0.0,0.0,0.0,1.0,1.0,1.3021888972436644,0.0,0.0,0,0.0
0,0.0,0.0,0.19605163522735986,16.119604585011547,643.3211233211233,-1089.1330891330892,1732.4542124542127,16.12079676135149,0.19605163522735988,15.98730669999899,259.84132815551027,0.4817026053186324,3.3071609924352456,0.38854781099732066,0.0995637968991879,0.07631370306980247,0.14996715744620892,0.08575932636462878,4.527659400855373,0.09628492105537063,0.24804558980452332,0.0,0.0,0.0,0.0,0.0,0.0,0.0,0.0,0.0,1.0,1.0,1.3021888972436644,0.0,0.0,0,0.0
0,0.0,0.0,0.20320402222576134,35.8951421171733,1016.4590964590965,-1041.4652014652015,2057.924297924298,35.89571728614317,0.2032040222257614,32.75930847875014,1288.4604442992595,0.5031994655159409,3.599437441307351,0.41682725009532723,0.08623562842045797,0.038638573723039596,0.116843370933482,0.11831980809820397,4.395320276041112,0.09790774623359283,0.25711493439864386,0.0,0.0,0.0,0.0,0.0,0.0,0.0,0.0,0.0,1.0,1.0,1.3021888972436644,0.0,0.0,0,0.0
0,0.0,0.0,0.20998207207446337,49.92620260281011,1190.7203907203907,-1246.2026862026862,2436.923076923077,49.926644177307125,0.20998207207446334,43.934781586916856,2492.622704138993,0.5256604848326473,3.7270938842214005,0.403036194603645,0.0917537175573743,0.03507112982421429,0.11962169683903005,0.13921231871775266,4.494253444094591,0.11160371185523459,0.2868640852578337,0.0,0.0,0.0,0.0,0.0,0.0,0.0,0.0,0.0,1.0,1.0,1.3021888972436644,0.0,0.0,0,0.0
0,0.0,0.0,0.20230666743347903,30.14694226498081,884.3956043956044,-801.5628815628816,1685.958485958486,30.147621065612693,0.20230666743347897,27.5564715764059,908.8377234015842,0.43525503375882774,4.1744776417169485,0.4400151555816994,0.0955317477751846,0.0462200882930265,0.107805162096125,0.09644025560183807,4.196017686606703,0.11211138812122252,0.2607077390010409,0.0,0.0,0.0,0.0,0.0,0.0,0.0,0.0,0.0,1.0,1.0,1.3021888972436644,0.0,0.0,0,0.0
0,0.0,0.0,0.21213432635534085,50.0936918112402,1533.7728937728937,-1421.6361416361417,2955.4090354090354,50.094140977283274,0.21213432635534088,44.342895433842685,2509.3760294536846,0.43809218901913993,4.3524376253159485,0.4679097947286827,0.07866361057954234,0.02690930807232456,0.09003048037214799,0.10156032309934258,4.03665762917561,0.10327352218445891,0.28039236939339945,0.0,0.0,0.0,0.0,0.0,0.0,0.0,0.0,0.0,1.0,1.0,1.3021888972436644,0.0,0.0,0,0.0
0,0.0,0.0,0.21843780741993865,55.356154981112056,1600.976800976801,-1750.2319902319903,3351.2087912087914,55.35658596200282,0.21843780741993865,49.877640560041435,3064.3009242035127,0.4813513686074392,3.9225578442854148,0.41972367322219106,0.10130264884105362,0.034694500970312514,0.10956324217158439,0.12608547714567003,4.3899895690283435,0.07627203611226731,0.25648139732096303,0.0,0.0,0.0,0.0,0.0,0.0,0.0,0.0,0.0,1.0,1.0,1.3021888972436644,0.0,0.0,0,0.0
0,0.0,0.0,0.20563183126588921,65.46743429630901,1237.6068376068376,-1191.111111111111,2428.7179487179487,65.46775723813644,0.20563183126588924,58.017038039083566,4285.979294782686,0.5486765563047776,3.233699547561755,0.4156677967804373,0.08041134214523056,0.03577212754375756,0.1139548964367254,0.13881769810866873,4.495207468756798,0.123179601889733,0.3149906311572736,0.0,0.0,0.0,0.0,0.0,0.0,0.0,0.0,0.0,1.0,1.0,1.3021888972436644,0.0,0.0,0,0.0
0,0.0,0.0,0.21474167271268718,49.834580206234065,1498.2173382173382,-1478.6813186813188,2976.898656898657,49.8350428746437,0.21474167271268724,44.40384701462295,2483.481789293583,0.4906775204357062,3.488996023069347,0.4319897542286694,0.0860581222836011,0.04011002443366879,0.11037730030539017,0.11412138778060502,4.3272557751867815,0.1010585778226947,0.2715050922606657,0.0,0.0,0.0,0.0,0.0,0.0,0.0,0.0,0.0,1.0,1.0,1.3021888972436644,0.0,0.0,0,0.0
0,0.0,0.0,0.2199622271180242,90.2632144611907,3084.932844932845,-2689.5238095238096,5774.456654456655,90.26348247352449,0.21996222711802424,87.06592684578811,8147.445420419777,0.5702015352407465,2.737426796196382,0.37691192809257346,0.1530722632894348,0.06896512869577302,0.13157458763213442,0.10041812596717203,4.870936023329495,0.014969159276040511,0.23504542422197133,0.0,0.0,0.0,0.0,0.0,0.0,0.0,0.0,0.0,1.0,1.0,1.3021888972436644,0.0,0.0,0,0.0
0,0.0,0.0,0.22354934216347258,57.19879303453287,1407.179487179487,-1253.2356532356532,2660.4151404151403,57.19922988044251,0.22354934216347253,46.879836101628186,3271.6981910809086,0.4781328574967113,4.047949438475136,0.4112491615492457,0.10113951471970602,0.03627567176717494,0.12582856579832627,0.14001682614254474,4.401063438078314,0.1222402613060385,0.3049912665318918,0.0,0.0,0.0,0.0,0.0,0.0,0.0,0.0,0.0,1.0,1.0,1.3021888972436644,0.0,0.0,0,0.0
0,0.0,0.0,0.21038099883208577,49.714535244624344,1325.5189255189255,-1561.1233211233211,2886.6422466422464,49.71498038573147,0.2103809988320858,42.98483085292403,2471.533410650646,0.47628134672281225,3.863977140631806,0.39375145766440467,0.10425509994629452,0.043038938443833455,0.1377181004032764,0.14432825586433043,4.488876071069096,0.10355594045954883,0.26899215601250676,0.0,0.0,0.0,0.0,0.0,0.0,0.0,0.0,0.0,1.0,1.0,1.3021888972436644,0.0,0.0,0,0.0
0,0.0,0.0,0.22025466649560854,53.86051408620933,1164.1514041514042,-1173.919413919414,2338.070818070818,53.860964433890956,0.2202546664956085,46.916718881230786,2900.9518866721287,0.5137873011221945,3.6268856971799086,0.38588189549085344,0.0939612782329976,0.034796386099414385,0.13712412534283028,0.16317143132849718,4.537799021496474,0.09098258324028648,0.2704669913885204,0.0,0.0,0.0,0.0,0.0,0.0,0.0,0.0,0.0,1.0,1.0,1.3021888972436644,0.0,0.0,0,0.0
0,0.0,0.0,0.21469463172361725,76.43665608364847,1447.032967032967,-1446.6422466422466,2893.675213675214,76.4369575992847,0.2146946317236173,69.61719695824276,5842.556453173492,0.5978568116350901,2.8369455378612844,0.39920708896320395,0.08621942816865398,0.03244872785873904,0.12305624427050693,0.15879574072805758,4.70963466849251,0.09253237382978799,0.2924285533670987,0.0,0.0,0.0,0.0,0.0,0.0,0.0,0.0,0.0,1.0,1.0,1.3021888972436644,0.0,0.0,0,0.0
0,0.0,0.0,0.20320422498864532,83.26995477584686,1581.050061050061,-1503.6874236874237,3084.737484737485,83.27020271578925,0.2032042249886453,76.48773274074657,6933.873559869407,0.6236335309253707,2.7092684697921943,0.41808364007721166,0.08636732059621177,0.027562181347648713,0.09937905843371972,0.13272652636192755,4.579557649392989,0.045443379915057425,0.31260671440030463,0.0,0.0,0.0,0.0,0.0,0.0,0.0,0.0,0.0,1.0,1.0,1.3021888972436644,0.0,0.0,0,0.0
0,0.0,0.0,0.207342965676299,42.89073499321004,1266.9108669108668,-1768.986568986569,3035.8974358974356,42.89123616035318,0.20734296567629903,38.998936954699374,1839.612179265439,0.4873030191379004,3.546992943774634,0.39611600622895293,0.0852993688270509,0.03985251453224913,0.1371542942116919,0.14816638418533926,4.443051556861632,0.07016075612345535,0.24153129247274183,0.0,0.0,0.0,0.0,0.0,0.0,0.0,0.0,0.0,1.0,1.0,1.3021888972436644,0.0,0.0,0,0.0
0,0.0,0.0,0.20020141727569266,45.64820734985593,1983.8827838827838,-1661.9291819291818,3645.811965811966,45.64864636397141,0.20020141727569257,41.31893055299772,2083.75777821153,0.3957233694980811,4.249358516005068,0.46328426353475605,0.09106208937226955,0.04196284711226031,0.10341021580980743,0.09093138779809004,4.020373450926372,0.05044307732370897,0.21793862029389088,0.0,0.0,0.0,0.0,0.0,0.0,0.0,0.0,0.0,1.0,1.0,1.3021888972436644,0.0,0.0,0,0.0
0,0.0,0.0,0.1985064754463584,38.11614082935721,1742.8083028083029,-1732.2588522588524,3475.067155067155,38.116657730501316,0.19850647544635838,35.809848620208506,1452.838548884692,0.6480055592747934,2.6882503906118695,0.3299655245256928,0.08622352519771066,0.04786799756355394,0.14180128869633055,0.16590495916152637,5.10312922853199,0.07496901857227278,0.23393452164326112,1.0,0.0,0.0,0.0,0.0,0.0,0.0,0.0,0.0,1.0,1.0,1.9950230548191934,1.0,1.0,1,1.0
0,0.0,0.0,0.19456077964909485,25.855266331303977,1395.4578754578754,-1256.3614163614163,2651.8192918192917,25.855998355500386,0.19456077964909488,23.56067038564131,668.4943029710997,0.5258294714845334,3.365886969360774,0.3739573997726851,0.11810576042600947,0.06297166253645675,0.10314839779286579,0.11101076493715972,4.698051606984694,0.07663841128013009,0.22596332894902185,1.0,0.0,0.0,0.0,0.0,0.0,0.0,0.0,0.0,1.0,1.0,1.9950230548191934,1.0,1.0,1,1.0
0,0.0,0.0,0.18727338021948528,24.26671279340399,1193.4554334554334,-991.0622710622711,2184.5177045177043,24.267435404601276,0.18727338021948525,23.27087550895242,588.8729377810005,0.5117065325973151,3.4168037459012366,0.39157591253784557,0.09845344021019596,0.03942703983099492,0.09230159737607041,0.10943699841493279,4.533776893963127,0.05076768830007173,0.21091885979988326,1.0,0.0,0.0,0.0,0.0,0.0,0.0,0.0,0.0,1.0,1.0,1.9950230548191934,1.0,1.0,1,1.0
0,0.0,0.0,0.19751603485752034,34.45642264862821,1404.4444444444443,-1389.5970695970695,2794.041514041514,34.45698875881241,0.1975160348575204,32.50785119981671,1187.244494271172,0.6153581626406632,2.8643869562233086,0.32778210927189194,0.08861693699048434,0.050121825526828985,0.12721828978956456,0.152596551973729,5.049366364598208,0.05765118802663427,0.20967451466457035,1.0,0.0,0.0,0.0,0.0,0.0,0.0,0.0,0.0,1.0,1.0,1.9950230548191934,1.0,1.0,1,1.0
1,0.01361111111111111,0.5,0.07429047814338337,239.26894889572608,2601.611721611722,-2723.125763125763,5324.737484737485,239.26896042892972,0.07429047814338338,222.9199780089278,57249.49124499145,1.2227121162498966,1.2495111355007098,0.0297710189358233,0.025158336610546683,0.030093175773914235,0.17993827702006518,0.3310751340785189,4.230755265830367,0.027612914377439554,0.37222951147845823,1.0,0.0,0.0,0.0,0.0,0.0,0.0,0.0,0.0,1.0,1.0,1.9950230548191934,1.0,1.0,1,1.0
0,0.0,0.0,0.19526295673261254,36.81808921828411,1541.1965811965813,-1372.4053724053724,2913.601953601954,36.81860699847022,0.1952629567326125,35.578604956347846,1355.5709152996124,0.5802203124627324,2.9340226472773536,0.3646085244796407,0.07720357443670682,0.038571861874421895,0.1307274347400747,0.1423795157754209,4.845671826188315,0.07476009551387468,0.2258147258442387,1.0,0.0,0.0,0.0,0.0,0.0,0.0,0.0,0.0,1.0,1.0,1.9950230548191934,1.0,1.0,1,1.0
0,0.0,0.0,0.20180513483191576,40.83742678029077,1341.147741147741,-1540.4151404151405,2881.5628815628816,40.837925404555676,0.20180513483191578,35.930862247505075,1667.6945316381918,0.5105926471948633,3.3736438404219933,0.407076216597279,0.08494031123267208,0.04182060209702134,0.09813651975675375,0.1126167486157142,4.497915942184737,0.07516963992759197,0.20718577001098326,1.0,0.0,0.0,0.0,0.0,0.0,0.0,0.0,0.0,1.0,1.0,1.9950230548191934,1.0,1.0,1,1.0
1,0.030833333333333334,0.5,0.2063344252037828,50.313934077257436,2210.1098901098903,-2028.4249084249084,4238.534798534799,50.31435715802828,0.20633442520378278,43.62915162898636,2531.4908399189667,0.5157938933364381,3.185378752177467,0.39238695595451273,0.09311080708895242,0.04622986589112473,0.1202838971437644,0.12279752572869135,4.628605732248864,0.07194264299049857,0.21503524082013176,1.0,0.0,0.0,0.0,0.0,0.0,0.0,0.0,0.0,1.0,1.0,1.9950230548191934,1.0,1.0,1,1.0
0,0.0,0.0,0.2012766546403699,38.26491356461771,1797.899877899878,-1629.89010989011,3427.789987789988,38.26544292699835,0.20127665464036992,33.80885530849181,1464.203255784694,0.43035905612292497,3.7703157252669244,0.4251637195405194,0.11803935915073549,0.05729577598797731,0.09977136499838939,0.08445674306001894,4.303876200555081,0.05852161250448873,0.19437391978268112,1.0,0.0,0.0,0.0,0.0,0.0,0.0,0.0,0.0,1.0,1.0,1.9950230548191934,1.0,1.0,1,1.0
0,0.0,0.0,0.19431796341518562,34.785851283682234,1806.4957264957266,-2023.3455433455433,3829.84126984127,34.786394021245755,0.19431796341518562,29.52538398263413,1210.055125169111,0.4575132759197771,3.5148612596948765,0.418083654918407,0.12116077574976684,0.04933805888852461,0.09491333376763074,0.08673149711438143,4.324232612972495,0.06249585775061013,0.19702521838436696,1.0,0.0,0.0,0.0,0.0,0.0,0.0,0.0,0.0,1.0,1.0,1.9950230548191934,1.0,1.0,1,1.0
0,0.0,0.0,0.19294898695897245,43.412148316153555,1580.6593406593406,-1748.2783882783883,3328.937728937729,43.41257710313086,0.19294898695897245,38.846915481954426,1884.6141486525864,0.5435910028048124,3.1427436084271085,0.39546280956481317,0.0940767784993477,0.03842086452446165,0.10507250937789599,0.11915176282292039,4.506400153034723,0.045524134043681976,0.18311644714741354,1.0,0.0,0.0,0.0,0.0,0.0,0.0,0.0,0.0,1.0,1.0,1.9950230548191934,1.0,1.0,1,1.0
0,0.0,0.0,0.1954020517322355,53.891643963721656,1822.905982905983,-1674.4322344322345,3497.3382173382174,53.891998210071584,0.1954020517322355,48.2800866063338,2904.3085520048153,0.48302926273640884,3.4440660606183506,0.4051921053997723,0.08323678494399102,0.04133227879536578,0.11570766329000608,0.1140046419299053,4.428406486936965,0.05404271382523306,0.20311008490534646,1.0,0.0,0.0,0.0,0.0,0.0,0.0,0.0,0.0,1.0,1.0,1.9950230548191934,1.0,1.0,1,1.0
0,0.0,0.0,0.1968398402799014,65.45471847978234,1969.035409035409,-1708.034188034188,3677.069597069597,65.45501445412934,0.1968398402799014,60.72131784369724,4284.31871337966,0.583386339665701,2.789799583334594,0.3527408070604208,0.0865038685683574,0.04588347080238866,0.14730496243530722,0.14768133354181776,4.870612149085186,0.04944948943034532,0.2125635298012261,1.0,0.0,0.0,0.0,0.0,0.0,0.0,0.0,0.0,1.0,1.0,1.9950230548191934,1.0,1.0,1,1.0
0,0.0,0.0,0.175270738509832,136.07180461332734,2663.736263736264,-2677.020757020757,5340.757020757021,136.07191749424018,0.175270738509832,127.31116143109881,18515.526125920867,1.043235227817193,1.5125858200459525,0.1400868935584796,0.06733693885574904,0.03983017830532857,0.15420873164393428,0.24262975179675675,4.882513989299447,0.019878374524672292,0.31585014947982337,1.0,0.0,0.0,0.0,0.0,0.0,0.0,0.0,0.0,1.0,1.0,1.9950230548191934,1.0,1.0,1,1.0
0,0.0,0.0,0.20055399044114325,80.31804916770544,2140.9523809523807,-2492.6007326007325,4633.553113553113,80.31829955874956,0.20055399044114322,67.17870983648582,6450.9883234403715,0.5947119956716348,2.768804045375528,0.33164388001773887,0.11031455730928597,0.058905671920778134,0.1498319188739769,0.13969546406552522,4.982724886522746,0.04175552456462289,0.19500812009329066,1.0,0.0,0.0,0.0,0.0,0.0,0.0,0.0,0.0,1.0,1.0,1.9950230548191934,1.0,1.0,1,1.0
0,0.0,0.0,0.196155917369025,112.18563011000747,2743.4432234432234,-2751.257631257631,5494.7008547008545,112.1858015986129,0.19615591736902496,88.02363292018197,12585.615461105646,0.5929803254120771,2.8649475695486797,0.34511191064186914,0.11536203441795706,0.05428081381326671,0.1365674997107423,0.12035456107275323,4.6799363169400126,0.014999443432952828,0.19339256461067406,1.0,0.0,0.0,0.0,0.0,0.0,0.0,0.0,0.0,1.0,1.0,1.9950230548191934,1.0,1.0,1,1.0
0,0.0,0.0,0.18804505437006167,119.55283610713388,2938.021978021978,-2954.4322344322345,5892.454212454213,119.55298399538877,0.18804505437006167,91.18080528060204,14292.880513322276,0.5639605292844395,2.876757127308997,0.34683312372967307,0.12824208879406476,0.06023700039339536,0.13447967726420118,0.11684094592906663,4.711886232494808,0.011761905060549771,0.18003510408687504,1.0,0.0,0.0,0.0,0.0,0.0,0.0,0.0,0.0,1.0,1.0,1.9950230548191934,1.0,1.0,1,1.0
0,0.0,0.0,0.19216914376143146,59.88673777624986,2406.2515262515262,-2476.190476190476,4882.442002442002,59.88704609897808,0.19216914376143146,54.477103903283286,3586.4196980298657,0.6972172438306282,2.3668333035674807,0.27569002887325583,0.10261763446581489,0.05818354539536249,0.17779058270108872,0.17961442349370063,5.358032024990631,0.04322504121162379,0.195727658558354,1.0,0.0,0.0,0.0,0.0,0.0,0.0,0.0,0.0,1.0,1.0,1.9950230548191934,1.0,1.0,1,1.0
0,0.0,0.0,0.20055942241272104,155.10749686200205,2278.876678876679,-1964.3467643467643,4243.223443223444,155.10762652712438,0.20055942241272104,147.06428314409524,24058.333377193132,1.120601386620818,1.3606074194313302,0.04955225661568565,0.03902534314756791,0.0488702330748948,0.20803345508935278,0.3131203429380501,4.917376234037281,0.0166927026421005,0.3052288615970249,1.0,0.0,0.0,0.0,0.0,0.0,0.0,0.0,0.0,1.0,1.0,1.9950230548191934,1.0,1.0,1,1.0
0,0.0,0.0,0.19658803733239497,38.944594913885105,1540.805860805861,-1540.4151404151405,3081.2210012210016,38.945091088133665,0.19658803733239494,35.50560594616586,1516.6809027689294,0.692408001596104,2.3321120904190225,0.2763660208474803,0.0729840337228203,0.058661720983038235,0.1722844515844956,0.20036225675886166,5.334866596312125,0.06851657091754595,0.22567129113209292,1.0,0.0,0.0,0.0,0.0,0.0,0.0,0.0,0.0,1.0,1.0,1.9950230548191934,1.0,1.0,1,1.0
0,0.0,0.0,0.19544161310654368,34.58594300017334,1668.1807081807083,-1811.5750915750916,3479.7557997557997,34.58649520601029,0.19544161310654365,31.18719527093003,1196.1871223724934,0.6189503443922565,2.8739747376897817,0.33050560411058155,0.08248640566898648,0.0563588045441775,0.12717449020754212,0.1762233374944556,4.8331460341720565,0.06640309274776035,0.19246800693999153,1.0,0.0,0.0,0.0,0.0,0.0,0.0,0.0,0.0,1.0,1.0,1.9950230548191934,1.0,1.0,1,1.0
0,0.0,0.0,0.19262379832215565,38.741900462883024,1783.4432234432234,-1533.3821733821733,3316.8253968253966,38.742379320372365,0.1926237983221557,36.30992273928159,1500.934651915124,0.6796292490806466,2.411110144452838,0.29459663078386883,0.06947431704730998,0.04417669115850101,0.16167849141637322,0.20423346558916644,5.029832266626678,0.04810816139912841,0.2009867077824313,1.0,0.0,0.0,0.0,0.0,0.0,0.0,0.0,0.0,1.0,1.0,1.9950230548191934,1.0,1.0,1,1.0
0,0.0,0.0,0.19177194775686723,46.4762299307855,1744.3711843711844,-1661.5384615384614,3405.909645909646,46.47662557737156,0.19177194775686723,43.26516098050748,2160.039223326212,0.6569409495553339,2.5653438410787404,0.30756189266184,0.06816211371016616,0.04425146152396963,0.15655813128057183,0.19291149546292785,5.105698153747292,0.06579347399730802,0.2076129917536888,1.0,0.0,0.0,0.0,0.0,0.0,0.0,0.0,0.0,1.0,1.0,1.9950230548191934,1.0,1.0,1,1.0
0,0.0,0.0,0.19235665071168542,44.325010790301015,1701.3919413919414,-1470.08547008547,3171.4774114774114,44.32542817211555,0.1923566507116854,41.59108393278281,1964.7055081140454,0.5842315817491492,2.923973066753413,0.35289408020121105,0.06697488253613539,0.04392830433550682,0.14108724708575435,0.15297052039363826,4.837157705902004,0.05990136218557339,0.2019101068021796,1.0,0.0,0.0,0.0,0.0,0.0,0.0,0.0,0.0,1.0,1.0,1.9950230548191934,1.0,1.0,1,1.0
0,0.0,0.0,0.18866211953234524,30.234507202276525,1497.045177045177,-1528.3028083028082,3025.3479853479853,30.235095818598914,0.1886621195323452,28.01492949449252,914.1252002850218,0.3391946674071318,4.880476117100063,0.48935958826145476,0.0944116013634551,0.040315952968673505,0.06980198671313266,0.05124427600593651,3.624834507009636,0.06489466295260529,0.19701217011047573,1.0,0.0,0.0,0.0,0.0,0.0,0.0,0.0,0.0,1.0,1.0,1.9950230548191934,1.0,1.0,1,1.0
0,0.0,0.0,0.1943128523715271,68.9291663331437,2510.964590964591,-2516.043956043956,5027.008547008547,68.92944021872502,0.19431285237152707,51.3934099749654,4751.2284792210385,0.6342856665945754,2.6543950096970987,0.3248686973440069,0.07906160248944794,0.050047530204992925,0.15445345859542206,0.17227903683848544,5.065260573694594,0.05477908439786887,0.20940945243760065,1.0,0.0,0.0,0.0,0.0,0.0,0.0,0.0,0.0,1.0,1.0,1.9950230548191934,1.0,1.0,1,1.0
1,0.06055555555555556,0.5,0.1859367588584811,63.81347569576087,2768.840048840049,-2517.2161172161173,5286.056166056166,63.81374658215704,0.18593675885848107,41.60988555719274,4072.1592813764587,0.5055857128357596,2.8929224945156284,0.36658584190102045,0.08751739779558969,0.05019087721201687,0.1690502426487892,0.12596927305963326,4.792439273417973,0.04333619300682242,0.18830006283045977,1.0,0.0,0.0,0.0,0.0,0.0,0.0,0.0,0.0,1.0,1.0,1.9950230548191934,1.0,1.0,1,1.0
0,0.0,0.0,0.18483311220718357,50.98790874965435,2181.5873015873017,-2556.678876678877,4738.266178266178,50.98824376209134,0.18483311220718357,30.00819225364882,2599.766460604599,0.37503330963713033,4.189737313187983,0.4607914284437333,0.09173954082551894,0.04674833397887957,0.08179432253636866,0.06111528201133126,3.936628329030434,0.05855607439645069,0.1928661137865013,1.0,0.0,0.0,0.0,0.0,0.0,0.0,0.0,0.0,1.0,1.0,1.9950230548191934,1.0,1.0,1,1.0
0,0.0,0.0,0.19658983915711342,67.82602798213652,2837.6068376068374,-2712.967032967033,5550.57387057387,67.82631288370632,0.19658983915711348,43.5689744779794,4600.369393733634,0.5505440161528166,2.9399275913168936,0.364609952339415,0.09463344839866078,0.04600882623821454,0.12747313508422964,0.13874473118720287,4.8051404498617325,0.06649051222384642,0.21735002882746252,1.0,0.0,0.0,0.0,0.0,0.0,0.0,0.0,0.0,1.0,1.0,1.9950230548191934,1.0,1.0,1,1.0
0,0.0,0.0,0.18854923168074206,86.32208676129515,2760.6349206349205,-2736.800976800977,5497.4358974358975,86.32229268061256,0.18854923168074209,66.75161832840115,7451.501823896884,0.5315403165058529,2.9893305806906105,0.37399844461599524,0.11043690672626066,0.04801318028841258,0.12518573955348203,0.12458709345122958,4.745123195571009,0.009421958786060418,0.19332101484754113,1.0,0.0,0.0,0.0,0.0,0.0,0.0,0.0,0.0,1.0,1.0,1.9950230548191934,1.0,1.0,1,1.0
0,0.0,0.0,0.19595603847990997,106.18027159826131,2713.357753357753,-2712.967032967033,5426.324786324786,106.18045241686228,0.19595603847991003,94.25266576296885,11274.248835447097,0.46693089462652493,3.14648506691678,0.38227769227685177,0.16465383009392462,0.07341500988065885,0.13288439874202573,0.09124908886506178,4.667811697331427,-0.0043808020231646495,0.20108522532651507,1.0,0.0,0.0,0.0,0.0,0.0,0.0,0.0,0.0,1.0,1.0,1.9950230548191934,1.0,1.0,1,1.0
0,0.0,0.0,0.19250709865944238,130.93590975308004,2927.863247863248,-2912.6251526251526,5840.488400488401,130.93605126873865,0.1925070986594424,112.66414238921244,17144.2120312998,0.3830151935673156,3.729420571149555,0.4199262325576452,0.16265543118007947,0.07192531050041599,0.10484937049140403,0.07016858141992015,4.294252971088789,0.0014111348016015957,0.2153058396039552,1.0,0.0,0.0,0.0,0.0,0.0,0.0,0.0,0.0,1.0,1.0,1.9950230548191934,1.0,1.0,1,1.0
0,0.0,0.0,0.19059965521554062,131.79619052718311,3246.6910866910866,-3051.7216117216117,6298.412698412698,131.79632834683264,0.19059965521554065,105.19163124750865,17370.23572378005,0.3905361411463051,3.974865310863418,0.4448033635543947,0.14971765294403439,0.060659488390600945,0.085167009085698,0.05914171260868292,4.063470914073588,0.0036737548336615604,0.18417471843775218,1.0,0.0,0.0,0.0,0.0,0.0,0.0,0.0,0.0,1.0,1.0,1.9950230548191934,1.0,1.0,1,1.0
0,0.0,0.0,0.2067820481931985,46.27627919509767,1807.2771672771673,-2076.874236874237,3884.151404151404,46.27674118775094,0.2067820481931985,41.61029679998035,2141.4914899673836,0.5123486247451849,3.2055828614835393,0.3810932830331528,0.131677034046132,0.06595843682209276,0.13200720447267056,0.12669349816846848,4.676867826907488,0.12520765202330145,0.25686762721568634,0.0,0.0,0.95,0.0,0.8,0.0,0.0,0.0,0.0,1.0,1.0,2.0968908441258853,1.75,1.75,1,0.0
0,0.0,0.0,0.20551951906118573,38.3901285495484,913.6996336996338,-825.006105006105,1738.705738705739,38.39067866453478,0.2055195190611858,36.6791108238317,1473.799774559446,0.38420097465453357,4.1110559996569265,0.46490134182740644,0.14124065556442292,0.06250292756085331,0.08031749045267571,0.07408363276777298,4.0584587562391965,0.14447712355777334,0.32022791786772664,0.0,0.0,0.95,0.0,0.8,0.0,0.0,0.0,0.0,1.0,1.0,2.0968908441258853,1.75,1.75,1,0.0
0,0.0,0.0,0.18722993366335755,41.78489943041534,919.95115995116,-904.3223443223443,1824.2735042735044,41.785318898603414,0.18722993366335758,39.893309456280804,1745.9768099030389,0.1563313865321188,7.554101610290953,0.5790498417359456,0.12892541311469255,0.03533984918278384,0.02432284396553767,0.007025677975146672,2.9294997727506678,0.1380080100137447,0.4007216223759759,0.0,0.0,0.95,0.0,0.8,0.0,0.0,0.0,0.0,1.0,1.0,2.0968908441258853,1.75,1.75,1,0.0
0,0.0,0.0,0.2003881849330219,55.03638041703794,2937.6312576312575,-2809.4749694749694,5747.106227106227,55.0367452238373,0.20038818493302185,54.02068039651175,3029.0027186325833,0.5750078599878653,2.8042952001106727,0.39301989807865506,0.15118689596561682,0.06122721180446584,0.11343223873007414,0.08585000911303103,4.500844093094788,0.04735265059118835,0.282048519674528,0.0,0.0,0.95,0.0,0.8,0.0,0.0,0.0,0.0,1.0,1.0,2.0968908441258853,1.75,1.75,1,0.0
0,0.0,0.0,0.17461681040711838,142.6355982342276,2972.4053724053724,-2972.014652014652,5944.420024420024,142.6357051185518,0.1746168104071184,134.58156023394278,20344.907772712817,0.978888764598787,1.6535182937457598,0.18595620151379047,0.0922564425062899,0.04584518045189695,0.15951074513132674,0.20492960017037098,4.938999495367409,-0.01378076894789606,0.36354512911807957,0.0,0.0,0.95,0.0,0.8,0.0,0.0,0.0,0.0,1.0,1.0,2.0968908441258853,1.75,1.75,1,0.0
0,0.0,0.0,0.20676170967793447,49.16504647375321,1432.5763125763126,-1251.6727716727717,2684.2490842490843,49.16548123603492,0.20676170967793447,46.255891466103755,2417.2002299347664,0.6114807813208606,2.674996197220282,0.354785810734125,0.116990156152139,0.058619840419822385,0.1435431434040786,0.14419570819730673,4.972323747212355,0.09487984975898153,0.2774572799994832,0.0,0.0,0.95,0.0,0.8,0.0,0.0,0.0,0.0,1.0,1.0,2.0968908441258853,1.75,1.75,1,0.0
0,0.0,0.0,0.21185360869770273,31.8774836203366,1571.2820512820513,-1429.8412698412699,3001.123321123321,31.878187588323563,0.21185360869770273,30.339324832551657,1016.1717929130252,0.4334181258895047,3.819866263645186,0.42755111072848545,0.14947137154659626,0.08369102413013216,0.09016211979123648,0.0766941081112786,4.332751279686344,0.11845226733229347,0.2563513649427012,0.0,0.0,0.95,0.0,0.8,0.0,0.0,0.0,0.0,1.0,1.0,2.0968908441258853,1.75,1.75,1,0.0
0,0.0,0.0,0.21164487979478921,41.84649849840684,1312.2344322344322,-1311.8437118437118,2624.078144078144,41.84703370768721,0.21164487979478921,38.57951094258383,1751.1267333249523,0.5267286090081336,3.221865217759125,0.38627537577047905,0.13254153991382556,0.06867349879392717,0.11813977690298468,0.11994372880178253,4.68803517610494,0.12059382885574121,0.2587578368511214,0.0,0.0,0.95,0.0,0.8,0.0,0.0,0.0,0.0,1.0,1.0,2.0968908441258853,1.75,1.75,1,0.0
0,0.0,0.0,0.2203180713710605,42.46171189154989,1681.0744810744811,-1680.6837606837607,3361.7582417582416,42.46228346207445,0.2203180713710605,39.41506529836796,1802.9933391508657,0.49888167584910514,3.345492517143042,0.3954912747968248,0.13919425103501104,0.07020278946142747,0.11069447898236584,0.10923139554130235,4.593898641557831,0.11948895522837821,0.25578704978555883,0.0,0.0,0.95,0.0,0.8,0.0,0.0,0.0,0.0,1.0,1.0,2.0968908441258853,1.75,1.75,1,0.0
0,0.0,0.0,0.1961210262161349,48.25617458259774,1797.899877899878,-1809.2307692307693,3607.130647130647,48.25657311499726,0.19612102621613492,46.6497826060274,2328.6570315442113,0.2178853422467217,6.27324088308111,0.5538286719227228,0.1369821501274122,0.04208049219260299,0.03854984724512525,0.01819763696745557,3.2335865984026686,0.1217645575872604,0.35092646337229205,0.0,0.0,0.95,0.0,0.8,0.0,0.0,0.0,0.0,1.0,1.0,2.0968908441258853,1.75,1.75,1,0.0
0,0.0,0.0,0.194642995390278,37.24896146916806,1686.1538461538462,-1958.4859584859585,3644.6398046398044,37.249470015387075,0.19464299539027796,35.45520940021675,1387.48461220492,0.1947095172053022,6.613394505256976,0.5539511220545743,0.1526252723434313,0.04715403265494698,0.03698877270034285,0.011513299442496419,3.217757319578712,0.10225159503016641,0.406513228180917,0.0,0.0,0.95,0.0,0.8,0.0,0.0,0.0,0.0,1.0,1.0,2.0968908441258853,1.75,1.75,1,0.0
1,0.02388888888888889,0.5,0.21634539348533913,55.1237154709666,2324.200244200244,-2446.8864468864467,4771.086691086691,55.12414001735868,0.21634539348533918,50.76730740158784,3038.6225015031932,0.35364430424814386,4.487229212235035,0.48572350396578967,0.1393936858509687,0.05726464588681445,0.07797957060003909,0.058334661384472984,3.94763608194454,0.12585173711574676,0.26110656289994716,0.0,0.0,0.95,0.0,0.8,0.0,0.0,0.0,0.0,1.0,1.0,2.0968908441258853,1.75,1.75,1,0.0
1,0.02666666666666667,0.5,0.19725410933490467,67.8023448273374,2310.915750915751,-2218.705738705739,4529.62148962149,67.80263175768928,0.19725410933490464,64.99753060741371,4597.15669431112,0.3930314239795568,3.8508014838698004,0.4467144110071125,0.15351842383304654,0.06118196550791456,0.10967451668547706,0.07544941306865502,4.23696670002889,0.08051714100659524,0.23576332893540622,0.0,0.0,0.95,0.0,0.8,0.0,0.0,0.0,0.0,1.0,1.0,2.0968908441258853,1.75,1.75,1,0.0
0,0.0,0.0,0.22222684429432615,123.70813425890213,2857.924297924298,-2899.7313797313795,5757.655677655677,123.7083338606938,0.22222684429432615,118.54083811764659,15303.699242219107,0.5701968400485196,2.6313466747950556,0.3499499460469936,0.17737692735182503,0.07909200994302874,0.13919799868551228,0.09078574492328624,4.755571844034045,0.008517480020689014,0.3130114287240597,0.0,0.0,0.95,0.0,0.8,0.0,0.0,0.0,0.0,1.0,1.0,2.0968908441258853,1.75,1.75,1,0.0
0,0.0,0.0,0.21359462925359665,48.08220095550722,1653.7240537240536,-1845.9584859584859,3499.6825396825398,48.08267537680724,0.21359462925359668,45.336354543494664,2311.895773436842,0.47940857857887903,3.31368662070036,0.39798175322185114,0.13337518474043644,0.06416705253407884,0.122195507478507,0.10565491558073727,4.541427511607145,0.08176206163389181,0.239230425129919,0.0,0.0,0.95,0.0,0.8,0.0,0.0,0.0,0.0,1.0,1.0,2.0968908441258853,1.75,1.75,1,0.0
0,0.0,0.0,0.19907076923182793,41.18868597097609,1316.1416361416361,-1420.0732600732601,2736.2148962148963,41.1891670368174,0.1990707692318279,40.61573780149566,1696.5073422985856,0.48074488519460423,2.7749375224240556,0.20479967511316968,0.24943012009301754,0.12122526513057057,0.25333405243576285,0.06604208660578838,4.990024351957129,0.05922928936658446,0.21436689017241475,0.0,0.0,0.0,0.0,0.0,0.0,0.0,0.0,0.5,1.0,1.0,1.7778747531713848,0.5,0.0,0,0.0
0,0.0,0.0,0.20404301439442768,52.3259087719888,1819.3894993894994,-1782.6617826617826,3602.051282051282,52.32630659970392,0.2040430143944277,49.98571677679946,2737.9999337330387,0.4969869251584956,2.8650944980439075,0.22539085119446303,0.26018018827834055,0.10246849335192898,0.218372197754673,0.07654537796757498,4.910188801942097,0.04182462492575459,0.21164034796239245,0.0,0.0,0.0,0.0,0.0,0.0,0.0,0.0,0.5,1.0,1.0,1.7778747531713848,0.5,0.0,0,0.0
0,0.0,0.0,0.19607119627735944,48.57877266773688,1543.5409035409036,-1474.7741147741149,3018.3150183150183,48.57916835247048,0.19607119627735947,47.886490522261546,2359.896426350041,0.3495835607411792,3.7476986661246827,0.33304905437793625,0.26447032664153697,0.11372914542255823,0.12804680007174923,0.03698878109789883,4.325394539230405,0.08129829193010338,0.2328184034484778,0.0,0.0,0.0,0.0,0.0,0.0,0.0,0.0,0.5,1.0,1.0,1.7778747531713848,0.5,0.0,0,0.0
0,0.0,0.0,0.19223133120332214,40.02689764102004,674.5787545787546,-668.7179487179487,1343.2967032967033,40.0273592390179,0.19223133120332214,39.38716505606013,1602.1520098177689,0.23574654556453825,3.8171494430772412,0.3835853316233291,0.24911568111580937,0.11045418388407818,0.1158037392940049,0.01582140117991614,3.9512814428429137,0.09067549093293424,0.2542412064611736,0.0,0.0,0.0,0.0,0.0,0.0,0.0,0.0,0.5,1.0,1.0,1.7778747531713848,0.5,0.0,0,0.0
0,0.0,0.0,0.20132130279699723,168.27139402944138,2737.973137973138,-2757.5091575091574,5495.482295482296,168.2715144606433,0.20132130279699723,157.58876131052222,28315.23011691926,1.120874416929108,1.3784840269671053,0.07084433023307433,0.050180506992762934,0.0646078551049204,0.15698860143907842,0.31708284134119175,4.569592484586835,-0.010214607194996062,0.3497140550524317,0.0,0.0,0.0,0.0,0.0,0.0,0.0,0.0,0.5,1.0,1.0,1.7778747531713848,0.5,0.0,0,0.0
1,0.017777777777777778,0.5,0.19866720616338646,97.7354689355945,3091.965811965812,-3018.5103785103784,6110.476190476191,97.73567085112458,0.19866720616338648,94.51057610623307,9552.220679047367,0.658813456382647,2.4177237950353834,0.33011747224255283,0.1816096837994868,0.06594238686324556,0.1278302825311538,0.11240587476212771,4.8947436663480195,0.02350725567687318,0.3010781319665718,0.0,0.0,0.0,0.0,0.0,0.0,0.0,0.0,0.5,1.0,1.0,1.7778747531713848,0.5,0.0,0,0.0
0,0.0,0.0,0.19426212893009767,44.8008555564156,1119.6092796092796,-1136.019536019536,2255.6288156288156,44.80127672691428,0.19426212893009764,44.02894111882741,2007.1160689795015,0.47162782961970495,3.3692005812860937,0.3473803427404561,0.22267435922424328,0.059298367503140555,0.1380523969119536,0.07036877388884313,4.568477536963183,0.07580903622199602,0.2149722496413334,0.0,0.0,0.0,0.0,0.0,0.0,0.0,0.0,0.5,1.0,1.0,1.7778747531713848,0.5,0.0,0,0.0
1,0.041666666666666664,0.5,0.19155823479825215,61.37914264457155,1625.5921855921856,-1483.3699633699634,3108.962148962149,61.379441560998096,0.19155823479825215,60.45999470917212,3767.3986047842395,0.36403954574044706,4.216810617135968,0.4262817298173485,0.1862315814259644,0.06166923884561614,0.10688497874061607,0.04798370617044451,4.109532219928784,0.0815472887804316,0.2225369567226073,0.0,0.0,0.0,0.0,0.0,0.0,0.0,0.0,0.5,1.0,1.0,1.7778747531713848,0.5,0.0,0,0.0
0,0.0,0.0,0.19220721408221408,41.374973248232166,1193.8461538461538,-1196.5811965811965,2390.4273504273506,41.37541969460941,0.19220721408221408,40.703348932461104,1711.8881417457778,0.3071581893965512,4.320316238464758,0.39729981732807884,0.2111469431522813,0.07821922690331888,0.109026792716252,0.03450587806772217,4.002422286063148,0.09692799748433258,0.23657411210257137,0.0,0.0,0.0,0.0,0.0,0.0,0.0,0.0,0.5,1.0,1.0,1.7778747531713848,0.5,0.0,0,0.0
0,0.0,0.0,0.19277043887503956,43.67031138187667,1398.974358974359,-1268.8644688644688,2667.8388278388275,43.67073684553733,0.19277043887503953,42.650967648694994,1907.0956365676695,0.26130491254117455,4.487115156679283,0.3939769179091069,0.2764102409656444,0.06787059111370691,0.09173382050808739,0.03084536459603217,3.8956366961125934,0.07847735997792993,0.24018359461477953,0.0,0.0,0.0,0.0,0.0,0.0,0.0,0.0,0.5,1.0,1.0,1.7778747531713848,0.5,0.0,0,0.0
0,0.0,0.0,0.2023433967010356,217.37147613087964,2145.641025641026,-1910.4273504273503,4056.068376068376,217.37157030800455,0.2023433967010356,207.39659584536176,47250.34208520366,1.1995197407979015,1.2817947347066976,0.026669792463591052,0.02978563932227457,0.035743883445519674,0.2078803439981539,0.33327612344719193,4.7132021719770485,0.002773587284145821,0.3540155577373462,0.0,0.0,0.0,0.0,0.0,0.0,0.0,0.0,0.5,1.0,1.0,1.7778747531713848,0.5,0.0,0,0.0
0,0.0,0.0,0.18792736367606158,151.93142164210417,2302.319902319902,-2971.6239316239316,5273.943833943834,151.93153786783327,0.18792736367606158,145.6072557914564,23083.15205404619,1.132512836255035,1.3651585391414844,0.07510948560879284,0.05294817316130048,0.0325081678224792,0.18938661659644498,0.3133075216727131,4.655381229261995,0.010356646705267375,0.332978618180333,0.0,0.0,0.0,0.0,0.0,0.0,0.0,0.0,0.5,1.0,1.0,1.7778747531713848,0.5,0.0,0,0.0
0,0.0,0.0,0.1971800114697546,57.87651853958348,1806.886446886447,-1850.6471306471306,3657.5335775335775,57.87685442575187,0.19718001146975464,56.85071212742713,3349.690940982175,0.4588159869360821,3.5455101592912244,0.4111487826543429,0.2521093388221025,0.03799712444721184,0.09139276011210894,0.07316527699623039,4.289406260401903,0.07349562659371732,0.21132970453610686,0.0,0.0,0.0,0.0,0.0,0.0,0.0,0.0,0.5,1.0,1.0,1.7778747531713848,0.5,0.0,0,0.0
0,0.0,0.0,0.197873106382665,62.773859226169925,2038.974358974359,-2075.3113553113553,4114.285714285714,62.77417108901741,0.19787310638266506,61.2237214503189,3940.5564499814973,0.42366200440055274,3.972659804623595,0.433958079820459,0.24687749926790192,0.03328566302428749,0.08361007998196623,0.06470113629882458,4.172910160604557,0.08467969564539937,0.21157072046653744,0.0,0.0,0.0,0.0,0.0,0.0,0.0,0.0,0.5,1.0,1.0,1.7778747531713848,0.5,0.0,0,0.0
0,0.0,0.0,0.1987371807642593,51.696975997895535,1632.2344322344322,-1881.904761904762,3514.139194139194,51.6973579962652,0.19873718076425936,50.803621370307305,2672.576630274072,0.36551738568082853,4.369012564941048,0.44045128487062474,0.2759640333228664,0.032088080907116574,0.07296280975296983,0.045586967098381746,3.932514215992444,0.0970515248364543,0.22906440156519547,0.0,0.0,0.0,0.0,0.0,0.0,0.0,0.0,0.5,1.0,1.0,1.7778747531713848,0.5,0.0,0,0.0
0,0.0,0.0,0.18793659011956618,40.21728649672808,1202.051282051282,-1201.6605616605616,2403.7118437118434,40.21772561100158,0.18793659011956618,39.393324909152575,1617.4296592921778,0.32141540675063796,4.926321329487775,0.5303030222190873,0.09307688954154593,0.04068798957029192,0.07418620554577612,0.0335207463013381,3.466200438789192,0.10989638370907596,0.24468933668239456,0.0,0.85,0.0,0.0,0.0,0.0,0.0,0.0,0.0,1.0,1.0,1.8691099907949742,0.85,0.85,0,0.0
0,0.0,0.0,0.18407038563288564,26.690808456685552,957.8510378510379,-780.07326007326,1737.924297924298,26.691443160277863,0.1840703856328856,23.006171985491733,712.3971191763682,0.4980647429387693,2.2078000223110967,0.3007631637310225,0.11591756277018997,0.054862686953833735,0.09447321917034034,0.09919939034632937,4.03639000753404,0.09424458310571912,0.23765368450408422,0.0,0.85,0.0,0.0,0.0,0.0,0.0,0.0,0.0,1.0,1.0,1.8691099907949742,0.85,0.85,0,0.0
0,0.0,0.0,0.1880060402009807,31.088096207659866,817.973137973138,-1171.5750915750916,1989.5482295482298,31.088664688079923,0.1880060402009807,26.563701362654722,966.468557637915,0.6027819574248436,1.7825937617414571,0.25791064019905013,0.1033467603095728,0.04694856741775078,0.09197691603173294,0.13041300535064043,4.121555298881952,0.09355050883560592,0.24233660849828914,0.0,0.85,0.0,0.0,0.0,0.0,0.0,0.0,0.0,1.0,1.0,1.8691099907949742,0.85,0.85,0,0.0
0,0.0,0.0,0.19387593089229996,31.19472167939736,1195.4090354090354,-1233.6996336996338,2429.1086691086693,31.19532414532093,0.19387593089229993,26.345704254696987,973.1093459146578,0.44833007194599755,2.335529378542888,0.28868842857456006,0.11915123385079189,0.05665739944987501,0.10689550738920076,0.11731682363318717,3.9880062074471043,0.08703110577121201,0.24600602998401902,0.0,0.85,0.0,0.0,0.0,0.0,0.0,0.0,0.0,1.0,1.0,1.8691099907949742,0.85,0.85,0,0.0
0,0.0,0.0,0.1889181874672946,41.24892432135526,1285.2747252747254,-1016.4590964590965,2301.733821733822,41.249356937417225,0.18891818746729458,32.86987739569814,1701.472394834416,0.5025278981497822,2.0748623400342407,0.2670557528523681,0.1005073166938641,0.04842753334621376,0.11802391570596107,0.14217432895098475,4.16925466880331,0.08325570279801256,0.23472853047690834,0.0,0.85,0.0,0.0,0.0,0.0,0.0,0.0,0.0,1.0,1.0,1.8691099907949742,0.85,0.85,0,0.0
0,0.0,0.0,0.19569524390952964,42.82596871130692,1459.9267399267399,-1325.128205128205,2785.054945054945,42.826415828205,0.19569524390952964,32.78967460264752,1834.061265319718,0.5106133039061117,2.0745332437456523,0.2631753360341898,0.09845877124239073,0.04744476075639786,0.11993214142622809,0.14607724833767977,4.185675785080594,0.07820115937966282,0.23442064255390363,0.0,0.85,0.0,0.0,0.0,0.0,0.0,0.0,0.0,1.0,1.0,1.8691099907949742,0.85,0.85,0,0.0
0,0.0,0.0,0.19415008079442603,45.594788635511904,1643.956043956044,-1582.2222222222222,3226.1782661782663,45.595201995066084,0.19415008079442606,32.36111377276565,2078.8831910905524,0.4580398150312974,2.3403412145267706,0.2717886629903908,0.10731625478871176,0.05419319561646655,0.11176273925740259,0.14244923339457474,4.036540773146408,0.08212740287892208,0.24295953922027497,0.0,0.85,0.0,0.0,0.0,0.0,0.0,0.0,0.0,1.0,1.0,1.8691099907949742,0.85,0.85,0,0.0
0,0.0,0.0,0.20595563634998157,52.08552439701247,1592.3809523809523,-1635.3601953601953,3227.741147741148,52.085931588442634,0.20595563634998162,36.83436390955826,2712.900175388341,0.4638401593226833,2.3860867820882334,0.26704617882413156,0.10463496321827441,0.06271414905512021,0.1003362979885348,0.1445471861199062,4.019682766286346,0.0791938310344668,0.24516630473075773,0.0,0.85,0.0,0.0,0.0,0.0,0.0,0.0,0.0,1.0,1.0,1.8691099907949742,0.85,0.85,0,0.0
0,0.0,0.0,0.21761839351125062,58.601336917601095,1904.1758241758241,-1808.840048840049,3713.015873015873,58.60174098348436,0.2176183935112507,39.60003181531478,3434.114624312658,0.37401375536250303,2.942728241919876,0.285887655185188,0.1277137870728742,0.10720361778216188,0.0682477626545335,0.08750859761458399,3.6250341135488915,0.09056751141615796,0.251449026119969,0.0,0.85,0.0,0.0,0.0,0.0,0.0,0.0,0.0,1.0,1.0,1.8691099907949742,0.85,0.85,0,0.0
0,0.0,0.0,0.20952874561505513,46.343138982360486,1888.5470085470085,-1656.4590964590964,3545.006105006105,46.343612645472724,0.20952874561505516,32.59121817772235,2147.6851164584855,0.38229237513593034,2.8356038341227086,0.28124329384901775,0.1363766102273596,0.1036986894022749,0.0721229855807852,0.08717228785431326,3.6861618014969757,0.08937709964312981,0.2465108112408858,0.0,0.85,0.0,0.0,0.0,0.0,0.0,0.0,0.0,1.0,1.0,1.8691099907949742,0.85,0.85,0,0.0
0,0.0,0.0,0.2100515927524856,51.12607937950706,1760.3907203907204,-1824.4688644688645,3584.859584859585,51.12651087636702,0.21005159275248558,35.266267927909446,2613.874366147603,0.36022582926798247,3.0816730587607024,0.3310581079648228,0.12104498268481925,0.07119376795298414,0.06639984003211824,0.07354841234030818,3.561441495757045,0.076255643668606,0.24499673482203033,0.0,0.85,0.0,0.0,0.0,0.0,0.0,0.0,0.0,1.0,1.0,1.8691099907949742,0.85,0.85,0,0.0
0,0.0,0.0,0.20351130213481405,43.47241373889031,1862.3687423687425,-1815.873015873016,3678.2417582417584,43.472890094119066,0.20351130213481405,29.847427193144068,1889.8485989149176,0.37081701288408686,2.9181550365481863,0.32652128295012056,0.12072578619102965,0.06231477596420366,0.08540638927233035,0.07944771899347815,3.683316161082639,0.07098551549382359,0.23262551550275584,0.0,0.85,0.0,0.0,0.0,0.0,0.0,0.0,0.0,1.0,1.0,1.8691099907949742,0.85,0.85,0,0.0
0,0.0,0.0,0.1980982724286296,42.943876252502946,1802.1978021978023,-1849.084249084249,3651.2820512820513,42.944333159519736,0.19809827242862957,29.78291307931472,1844.175343835832,0.38597083796476206,2.790135992635043,0.3129803456345674,0.12265519043613844,0.06944225770567969,0.08734141261789903,0.08671906502014629,3.7561563969640734,0.06974355778344603,0.23788622497170586,0.0,0.85,0.0,0.0,0.0,0.0,0.0,0.0,0.0,1.0,1.0,1.8691099907949742,0.85,0.85,0,0.0
0,0.0,0.0,0.19516671875302827,47.80728600415092,1836.971916971917,-1744.3711843711844,3581.3431013431014,47.807684373234316,0.1951667187530283,31.819164183026203,2285.5354017501727,0.4124326507851073,2.6678259963760658,0.2916183130693824,0.11645006273497327,0.07030508433277334,0.09463166924319652,0.10774895617866097,3.8613547067289082,0.06804845812420625,0.2348258734929474,0.0,0.85,0.0,0.0,0.0,0.0,0.0,0.0,0.0,1.0,1.0,1.8691099907949742,0.85,0.85,0,0.0
0,0.0,0.0,0.18984147879237165,51.53734900133332,1748.2783882783883,-1835.7997557997558,3584.078144078144,51.53769864742024,0.18984147879237168,33.90710739244326,2656.0974785778044,0.39538711038001667,2.7948292556271666,0.29442444509762417,0.11613200090096538,0.07136451123440223,0.09083284299610588,0.10364922837341732,3.790696367131653,0.0672203320964882,0.23465961312653838,0.0,0.85,0.0,0.0,0.0,0.0,0.0,0.0,0.0,1.0,1.0,1.8691099907949742,0.85,0.85,0,0.0
0,0.0,0.0,0.18969975543636258,44.188141396510375,1649.8168498168498,-1609.1819291819293,3258.998778998779,44.1885485852976,0.1896997554363626,38.232396153699014,1952.5916220658492,0.19595701738196153,4.669599835815498,0.46531930563555063,0.0936711758087873,0.030233021082887862,0.04342384261569845,0.024686580400759474,2.6847880566573545,0.1016560495385711,0.2623931321743486,0.0,0.85,0.0,0.0,0.0,0.0,0.0,0.0,0.0,1.0,1.0,1.8691099907949742,0.85,0.85,0,0.0
0,0.0,0.0,0.1965685989495513,43.2277881077391,1221.978021978022,-882.4420024420025,2104.4200244200247,43.228235031072956,0.19656859894955134,38.38245282406131,1868.6415684921228,0.09771010677963189,7.00891905003522,0.5247240668389226,0.07801746056078433,0.015627765863366123,0.016025838718689164,0.0022545924525572995,2.149054159374512,0.11135682945652715,0.2798088133997406,0.0,0.85,0.0,0.0,0.0,0.0,0.0,0.0,0.0,1.0,1.0,1.8691099907949742,0.85,0.85,0,0.0
0,0.0,0.0,0.19091931822586583,30.931571700620108,1403.2722832722832,-1523.2234432234432,2926.4957264957266,30.93216090182958,0.19091931822586589,26.524844265589387,956.7619779765912,0.21876813713956875,3.9048842213654056,0.38162515660141455,0.12912988356433844,0.0679021797769843,0.0829580541937107,0.01899289523286663,3.0801068839314776,0.09766593420843572,0.24986232809232523,0.0,0.85,0.0,0.0,0.0,0.0,0.0,0.0,0.0,1.0,1.0,1.8691099907949742,0.85,0.85,0,0.0
0,0.0,0.0,0.19556195430451384,37.77495343444093,1407.9609279609278,-1650.2075702075701,3058.168498168498,37.7754596458091,0.19556195430451387,33.45464391040533,1426.9469752873576,0.16751281836379214,5.35054321041371,0.4778991429413984,0.08647558213581652,0.02493982741560333,0.03942942352929298,0.010049463400328348,2.4970879920591242,0.10628954272294473,0.2660532348645435,0.0,0.85,0.0,0.0,0.0,0.0,0.0,0.0,0.0,1.0,1.0,1.8691099907949742,0.85,0.85,0,0.0
0,0.0,0.0,0.18876150442370682,38.76653647263394,1001.6117216117216,-1001.2210012210012,2002.8327228327228,38.76699602741499,0.18876150442370682,34.45319667372419,1502.8442418895788,0.16370462204267763,5.578014073745756,0.48366933688088365,0.0675584379559055,0.02362882722729387,0.03638517164830742,0.010080495549400178,2.373733575811602,0.11332894438166856,0.27175621913480297,0.0,0.85,0.0,0.0,0.0,0.0,0.0,0.0,0.0,1.0,1.0,1.8691099907949742,0.85,0.85,0,0.0
0,0.0,0.0,0.1838863723908367,30.52716013020191,949.2551892551893,-864.4688644688645,1813.7240537240536,30.527713963101466,0.1838863723908367,25.655746409162806,931.9060440887512,0.48600029334276895,2.2060863300853857,0.3019366292138823,0.09903725024278702,0.048624214664509925,0.09994993065501183,0.11023432750524809,4.023703990087669,0.09203017613835271,0.2349024778950588,0.0,0.85,0.0,0.0,0.0,0.0,0.0,0.0,0.0,1.0,1.0,1.8691099907949742,0.85,0.85,0,0.0
0,0.0,0.0,0.18155213118010738,42.13136979499345,2062.808302808303,-2265.982905982906,4328.791208791208,42.13176096460748,0.18155213118010738,34.82850607873998,1775.0511006714587,0.469148885279052,2.1901268059059777,0.28317245295625687,0.09919152178914718,0.04902296575019482,0.11768401376722878,0.12164496299593074,4.0698742399254915,0.06722779554497672,0.22597449911757933,0.0,0.85,0.0,0.0,0.0,0.0,0.0,0.0,0.0,1.0,1.0,1.8691099907949742,0.85,0.85,0,0.0
0,0.0,0.0,0.19083122565265423,46.53197747928836,1674.4322344322345,-1739.2918192918194,3413.724053724054,46.5323687844245,0.19083122565265426,34.01924591584972,2165.223434073428,0.45462293815970106,2.3489769922002384,0.28038168895955384,0.09915864943277619,0.050480590844954744,0.10610181659205521,0.13777444598691127,3.9956151326226097,0.07666057088062103,0.23719943356453896,0.0,0.85,0.0,0.0,0.0,0.0,0.0,0.0,0.0,1.0,1.0,1.8691099907949742,0.85,0.85,0,0.0
0,0.0,0.0,0.1912385440287226,56.65027852726281,876.9719169719169,-876.5811965811965,1753.5531135531135,56.65060131540685,0.19123854402872262,50.17522302871639,3209.2538096126036,0.07970563127091645,7.467011155065942,0.5247768444069452,0.05709286888054556,0.013105890836404298,0.014316931782384594,0.0008896859130973724,1.9823085685429196,0.12028656645313666,0.28526372828098545,0.0,0.85,0.0,0.0,0.0,0.0,0.0,0.0,0.0,1.0,1.0,1.8691099907949742,0.85,0.85,0,0.0
0,0.0,0.0,0.189397048883656,27.26802750218759,1462.2710622710622,-1533.3821733821733,2995.6532356532352,27.268685247040874,0.18939704888365602,24.24959199143748,743.5452504151483,0.1837714397498096,4.3228952070296405,0.4138106895225676,0.12102895479026883,0.059219761594847674,0.0711753024579215,0.011049488642161254,2.8870507746853846,0.10266638819430966,0.2605393832826438,0.0,0.85,0.0,0.0,0.0,0.0,0.0,0.0,0.0,1.0,1.0,1.8691099907949742,0.85,0.85,0,0.0
0,0.0,0.0,0.19423411547667502,31.95137411124099,1619.7313797313798,-1748.6691086691087,3368.4004884004885,31.951964485585172,0.19423411547667505,27.94636235180409,1020.8898297547033,0.3436221361222671,2.9554440435944973,0.3595563034710406,0.11615015980350385,0.06419425774097876,0.0807540492462648,0.05490935450691286,3.494779776947542,0.07278802592281491,0.2312025661065982,0.0,0.85,0.0,0.0,0.0,0.0,0.0,0.0,0.0,1.0,1.0,1.8691099907949742,0.85,0.85,0,0.0
0,0.0,0.0,0.20930819621295813,31.40227649154521,1654.114774114774,-1645.5189255189255,3299.6336996336995,31.40297404343185,0.20930819621295815,27.14480184462608,986.1010054028159,0.2975666405574365,3.45075369841819,0.33712531431505516,0.11472782132290006,0.10754939317732799,0.06713296939920281,0.05197439456814237,3.3464139929224834,0.07181797187893599,0.2268824949013445,0.0,0.85,0.0,0.0,0.0,0.0,0.0,0.0,0.0,1.0,1.0,1.8691099907949742,0.85,0.85,0,0.0
0,0.0,0.0,0.20281034689516833,24.931692382947265,1178.6080586080586,-1180.952380952381,2359.5604395604396,24.93251726390094,0.20281034689516833,22.251066664000593,621.5885679003602,0.300956236841902,2.8969715947372308,0.2732543611360997,0.13910251586356645,0.14860853130015408,0.10359645832724881,0.05280849640335855,3.5915884762282104,0.08438655168780368,0.23505093299957944,0.0,0.85,0.0,0.0,0.0,0.0,0.0,0.0,0.0,1.0,1.0,1.8691099907949742,0.85,0.85,0,0.0
0,0.0,0.0,0.16038364330775046,58.65116967536269,919.1697191697192,-918.7789987789988,1837.948717948718,58.65138896225071,0.16038364330775048,50.87142164606433,3439.953208529925,0.13841635935341337,5.220507040944592,0.5131696573307215,0.13582176990427355,0.025368362148075828,0.01913135106369709,0.008458380573264142,2.5126638966581862,,,1.0,0.0,0.0,0.9,0.0,0.0,0.0,0.0,0.0,1.0,1.0,1.9718000785239298,1.9,1.9,1,1.0
0,0.0,0.0,0.16841357358470452,58.42411102733449,958.6324786324786,-958.2417582417582,1916.8742368742369,58.424353761647,0.16841357358470452,50.42342184933391,3413.3694227020196,0.12632607047614605,5.385025461191524,0.5143708634742107,0.1415213483639756,0.025470383260218967,0.01663237315922371,0.006462425123855485,2.4834416196850726,,,1.0,0.0,0.0,0.9,0.0,0.0,0.0,0.0,0.0,1.0,1.0,1.9718000785239298,1.9,1.9,1,1.0
1,0.0038888888888888888,0.5,0.16263017047987285,58.8383205541612,1043.8095238095239,-1000.8302808302808,2044.6398046398047,58.838545310082054,0.16263017047987288,51.09653085425385,3461.9413049720715,0.12821885446790454,5.285580475058566,0.5137000711285484,0.14001163536750144,0.02664504091331869,0.017588692964177137,0.0067655292126269926,2.5005199263366995,,,1.0,0.0,0.0,0.9,0.0,0.0,0.0,0.0,0.0,1.0,1.0,1.9718000785239298,1.9,1.9,1,1.0
1,0.011666666666666667,0.5,0.16070034049944767,57.82447205624799,921.5140415140415,-960.5860805860806,1882.100122100122,57.8246953574616,0.16070034049944765,50.55806770328997,3343.6632660554774,0.11341175295110632,5.38408101395573,0.5157768275150559,0.13739681682944307,0.02559582539257149,0.016195840089375642,0.0049192970518571995,2.4522485730968455,,,1.0,0.0,0.0,0.9,0.0,0.0,0.0,0.0,0.0,1.0,1.0,1.9718000785239298,1.9,1.9,1,1.0
1,0.0038888888888888888,0.5,0.17089765393336823,55.95872143841994,887.5213675213676,-969.1819291819291,1856.7032967032967,55.95898239809941,0.1708976539333682,48.69558816965934,3131.3711950577276,0.1587405662309706,4.908283148271245,0.505136055791655,0.1391935847954476,0.025585283307474827,0.023537130609627085,0.013879014258303577,2.6048149093032342,,,1.0,0.0,0.0,0.9,0.0,0.0,0.0,0.0,0.0,1.0,1.0,1.9718000785239298,1.9,1.9,1,1.0
0,0.0,0.0,0.1667589988274512,53.16529426877248,685.9096459096459,-685.5189255189255,1371.4285714285713,53.165555797422655,0.1667589988274512,46.10499338683279,2826.541634722213,0.10631035560171244,5.287557960640698,0.5148548976393728,0.14758810556664256,0.02703330226587706,0.01523130206178971,0.0035050551363461414,2.4545082316523446,,,1.0,0.0,0.0,0.9,0.0,0.0,0.0,0.0,0.0,1.0,1.0,1.9718000785239298,1.9,1.9,1,1.0
1,0.01138888888888889,0.5,0.16518971548733452,53.97542685761348,660.9035409035409,-541.3431013431014,1202.2466422466423,53.97567963540326,0.16518971548733452,47.61230857413619,2913.3404904191607,0.09464485614259717,4.883933497475373,0.5290043303348696,0.11284870967153401,0.026983736690410254,0.017285781394406688,0.0030042964281713873,2.375611274301601,,,1.0,0.0,0.0,0.9,0.0,0.0,0.0,0.0,0.0,1.0,1.0,1.9718000785239298,1.9,1.9,1,1.0
0,0.0,0.0,0.16175505903928525,48.60144421036357,526.8864468864468,-581.1965811965812,1108.083028083028,48.60171338576663,0.16175505903928525,42.881312797641826,2362.094550990462,0.08945650205398907,4.993276646561208,0.5162805195237768,0.0927694109964285,0.02450458184411745,0.018674421429634245,0.002865044007959544,2.2956430339787772,,,1.0,0.0,0.0,0.9,0.0,0.0,0.0,0.0,0.0,1.0,1.0,1.9718000785239298,1.9,1.9,1,1.0
0,0.0,0.0,0.1605465494602399,48.6003936578134,846.4957264957264,-942.2222222222222,1788.7179487179487,48.600658831840676,0.1605465494602399,42.927617751012654,2361.991952916861,0.08266495650139807,5.224669249210513,0.5248547088429235,0.09051468754514942,0.024150801322774966,0.014463619035291933,0.0020767078151472146,2.2409670137220252,,,1.0,0.0,0.0,0.9,0.0,0.0,0.0,0.0,0.0,1.0,1.0,1.9718000785239298,1.9,1.9,1,1.0
0,0.0,0.0,0.16887163073919026,48.306906925616,1236.043956043956,-1059.8290598290598,2295.873015873016,48.30720209604149,0.16887163073919026,42.50491654530327,2333.550684902537,0.10515366955690333,5.573156608989758,0.5149866028047526,0.10985160525187988,0.025721839366126063,0.017495209943885603,0.004328971035822796,2.3865939866771164,,,1.0,0.0,0.0,0.9,0.0,0.0,0.0,0.0,0.0,1.0,1.0,1.9718000785239298,1.9,1.9,1,1.0
0,0.0,0.0,0.15788414902998235,47.30832496717553,434.67643467643467,-561.6605616605617,996.3369963369964,47.308588423291596,0.1578841490299824,41.842009919152865,2238.0714907823926,0.09181456590212274,4.741773014554937,0.5222232512516792,0.11826388630929999,0.027964015059364276,0.017702320424545594,0.002372522402521525,2.389103764011573,,,1.0,0.0,0.0,0.9,0.0,0.0,0.0,0.0,0.0,1.0,1.0,1.9718000785239298,1.9,1.9,1,1.0
1,0.005555555555555556,0.5,0.1679037480376766,50.906729649244454,909.010989010989,-985.2014652014652,1894.2124542124543,50.90700654379384,0.16790374803767663,44.85707035285525,2591.488752682931,0.1285773528760429,5.4028488351087685,0.5157261435087104,0.10958481120983335,0.025500496770415472,0.01964864272899544,0.006749880489095324,2.441871564800944,,,1.0,0.0,0.0,0.9,0.0,0.0,0.0,0.0,0.0,1.0,1.0,1.9718000785239298,1.9,1.9,1,1.0
1,0.006111111111111111,0.5,0.1651776175213675,52.95030030393698,1542.7594627594628,-1110.6227106227107,2653.3821733821733,52.95055793778228,0.1651776175213675,46.68951908071305,2803.7279738971597,0.156310259006947,4.9336194801576685,0.4870754455203964,0.14104002455341808,0.029543660557454138,0.023361618296887526,0.01252846601106208,2.639366034772113,,,1.0,0.0,0.0,0.9,0.0,0.0,0.0,0.0,0.0,1.0,1.0,1.9718000785239298,1.9,1.9,1,1.0
0,0.0,0.0,0.15913188993546137,53.96787008746963,510.4761904761905,-562.0512820512821,1072.5274725274726,53.96810469839008,0.15913188993546137,47.55154264988846,2912.524951529761,0.09148046463027394,4.258006356410948,0.5202132457547872,0.12572122021109491,0.030671628937682098,0.01822875340115013,0.0021853883245183813,2.4225197681953854,,,1.0,0.0,0.0,0.9,0.0,0.0,0.0,0.0,0.0,1.0,1.0,1.9718000785239298,1.9,1.9,1,1.0
0,0.0,0.0,0.1643772742359052,50.13065783877827,490.94017094017096,-516.7277167277167,1007.6678876678877,50.13092733270497,0.16437727423590517,44.14641121994254,2513.0765039290636,0.09153731743118497,4.646791087368203,0.5202629002239717,0.11266588153020822,0.028661321419409042,0.01941396960055444,0.0023969125189214164,2.3881368561836673,,,1.0,0.0,0.0,0.9,0.0,0.0,0.0,0.0,0.0,1.0,1.0,1.9718000785239298,1.9,1.9,1,1.0
0,0.0,0.0,0.1569750451818904,54.94628484432567,1166.886446886447,-1168.0586080586081,2334.945054945055,54.94650907344872,0.1569750451818904,48.459815749619175,3019.0883827792836,0.10175895970488406,4.707600805030242,0.5044599328317412,0.137596311063154,0.03136056702835456,0.019615193515575325,0.0035633836852750713,2.4925763736664446,,,1.0,0.0,0.0,0.9,0.0,0.0,0.0,0.0,0.0,1.0,1.0,1.9718000785239298,1.9,1.9,1,1.0
0,0.0,0.0,0.16433007854138806,54.86928697068252,1608.009768009768,-1177.8266178266178,2785.836385836386,54.869533049278125,0.1643300785413881,48.42038280040906,3010.6323506308763,0.11151981449735503,5.288702144112482,0.5090891693086979,0.13924199567003898,0.028834145135135596,0.017324849080424556,0.004582609853023502,2.485583630937586,,,1.0,0.0,0.0,0.9,0.0,0.0,0.0,0.0,0.0,1.0,1.0,1.9718000785239298,1.9,1.9,1,1.0
0,0.0,0.0,0.16467389395216778,57.16765011856595,1513.8461538461538,-1157.5091575091576,2671.3553113553116,57.16788729321841,0.16467389395216772,50.324276282907626,3268.133822783275,0.14031415034458353,5.062561102030694,0.49953992407372033,0.14002532347030341,0.02862206934096277,0.02308417918926772,0.009940431994430015,2.5887854131848953,,,1.0,0.0,0.0,0.9,0.0,0.0,0.0,0.0,0.0,1.0,1.0,1.9718000785239298,1.9,1.9,1,1.0
0,0.0,0.0,0.1658933658933659,57.639683454139785,1257.924297924298,-1411.4774114774116,2669.4017094017095,57.639922183346876,0.1658933658933659,50.46231607460929,3322.326376841525,0.12316391309127521,5.124129799821136,0.49935997387858133,0.14581641913747861,0.03008195565764341,0.021468486750649777,0.006440454276626434,2.5530605580104813,,,1.0,0.0,0.0,0.9,0.0,0.0,0.0,0.0,0.0,1.0,1.0,1.9718000785239298,1.9,1.9,1,1.0
1,0.0044444444444444444,0.5,0.17293344332034805,55.91183868857655,1170.01221001221,-877.7533577533577,2047.7655677655678,55.91210612660934,0.17293344332034807,49.34460381772974,3126.126687413967,0.10849954816269129,5.607320166883382,0.5157843993302851,0.10709931310937423,0.025432001868616678,0.019050079577297662,0.004178006304366002,2.3841746884049573,,,1.0,0.0,0.0,0.9,0.0,0.0,0.0,0.0,0.0,1.0,1.0,1.9718000785239298,1.9,1.9,1,1.0
0,0.0,0.0,0.4053158219022613,69.24592251764489,4702.808302808303,-5548.717948717948,10251.526251526251,69.24710872112396,0.40531582190226134,58.45681961938722,4794.96223240393,0.8450845208728422,1.1981988368940815,0.14836801301628277,0.045047341007000474,0.023639298455582214,0.058037605768584945,0.4826361828332199,3.0919041455489475,,,0.0,0.0,0.0,0.0,0.0,0.0,0.0,0.0,0.0,1.0,1.0,1.1670271457858257,0.0,0.0,0,0.0
0,0.0,0.0,0.4139885024616383,37.18489850415757,2430.7692307692305,-2689.6214896214897,5120.39072039072,37.187202950002444,0.41398850246163843,31.409360649147235,1382.675123601437,0.5119609692191599,2.1297923476967533,0.2759568132933758,0.0922323905408322,0.05251813276395577,0.1516407494464081,0.13686030757481482,4.308669315115584,,,0.0,0.0,0.0,0.0,0.0,0.0,0.0,0.0,0.0,1.0,1.0,1.1670271457858257,0.0,0.0,0,0.0
0,0.0,0.0,0.40831819354297416,20.851513223380884,2084.004884004884,-1721.6117216117216,3805.6166056166057,20.855510721437778,0.4083181935429742,18.292518063637168,434.75305297164977,0.29369969490597636,3.0053161292824524,0.33436256275890847,0.1102965214957714,0.10223974530990311,0.1184356894045639,0.04361613870383361,3.5506797205191964,,,0.0,0.0,0.0,0.0,0.0,0.0,0.0,0.0,0.0,1.0,1.0,1.1670271457858257,0.0,0.0,0,0.0
0,0.0,0.0,0.4089587896468378,19.77883921213464,1182.4175824175825,-2019.5360195360195,3201.9536019536017,19.783066695310517,0.4089587896468378,17.382543184383362,391.17079568859504,0.27606301892494156,3.0123858981068343,0.32871523380640016,0.10497415406857362,0.11656200648545555,0.11328133545879697,0.04063999148285794,3.445534123227174,,,0.0,0.0,0.0,0.0,0.0,0.0,0.0,0.0,0.0,1.0,1.0,1.1670271457858257,0.0,0.0,0,0.0
0,0.0,0.0,0.4115468626159415,24.82618442978236,3658.6080586080584,-3859.8290598290596,7518.4371184371175,24.82959532819045,0.41154686261594153,20.682250578914555,616.3073863345631,0.2149331799317578,3.6071489330359388,0.3791283335520483,0.09662704937360378,0.1045036960573677,0.0783655957887811,0.020756736534050933,3.0945746467234856,,,0.0,0.0,0.0,0.0,0.0,0.0,0.0,0.0,0.0,1.0,1.0,1.1670271457858257,0.0,0.0,0,0.0
1,0.034722222222222224,0.5,0.4096775392005655,17.420368719076414,1340.6593406593406,-1436.3858363858365,2777.0451770451773,17.425185278633382,0.4096775392005655,15.349184462855499,303.4374037001841,0.23663529881290835,2.8316359570517506,0.2908683518133632,0.12447956405130041,0.16461081280352577,0.12917424311197576,0.026874446183101367,3.4397631353050913,,,0.0,0.0,0.0,0.0,0.0,0.0,0.0,0.0,0.0,1.0,1.0,1.1670271457858257,0.0,0.0,0,0.0
0,0.0,0.0,0.41254506235317634,14.728420064959607,526.007326007326,-674.4810744810744,1200.4884004884004,14.73419665398751,0.4125450623531764,13.038727059782175,216.89417915218158,0.24866423776163468,2.651265089622156,0.2987313286466938,0.1272763145124934,0.11302527680008638,0.18151905363445334,0.02864761741024747,3.6006421057565476,,,0.0,0.0,0.0,0.0,0.0,0.0,0.0,0.0,0.0,1.0,1.0,1.1670271457858257,0.0,0.0,0,0.0
0,0.0,0.0,0.4097556647584059,18.18477092600617,815.1404151404151,-586.5689865689866,1401.7094017094018,18.189386832329475,0.409755664758406,16.078478238431817,330.6541384099246,0.25131314516862174,3.023773017879913,0.3390252664431451,0.10526075578357527,0.1253348440069298,0.11047014553567695,0.029789215749535036,3.3672063757443422,,,0.0,0.0,0.0,0.0,0.0,0.0,0.0,0.0,0.0,1.0,1.0,1.1670271457858257,0.0,0.0,0,0.0
0,0.0,0.0,0.40982104366150407,14.948853967861396,471.3064713064713,-625.6410256410256,1096.9474969474968,14.954470510194376,0.4098210436615042,13.21723020641597,223.43650823208185,0.3038408668694254,2.5270979221670933,0.27195376133589183,0.11605324587103225,0.13465633185145,0.1782709851975008,0.042428040327552395,3.7692202001261026,,,0.0,0.0,0.0,0.0,0.0,0.0,0.0,0.0,0.0,1.0,1.0,1.1670271457858257,0.0,0.0,0,0.0
1,0.008611111111111111,0.5,0.4082003776356846,16.985983290332697,1362.148962148962,-982.1733821733822,2344.322344322344,16.99088743673395,0.4082003776356846,14.955990173336826,288.49215983181654,0.23195698762811817,2.7938509928245328,0.29118369506495645,0.12702638898022864,0.1743716948696797,0.12466732250400875,0.02456901137077445,3.401188843754609,,,0.0,0.0,0.0,0.0,0.0,0.0,0.0,0.0,0.0,1.0,1.0,1.1670271457858257,0.0,0.0,0,0.0
0,0.0,0.0,0.4104964769027269,18.83176527012297,584.6153846153846,-618.8034188034188,1203.4188034188035,18.83623875795163,0.41049647690272684,16.825398448276804,354.6025409427499,0.3337975933979865,2.944342459930147,0.34514542304547574,0.09693811507415057,0.07338727738710628,0.11274734952364136,0.0555664897807713,3.609477183239113,,,0.0,0.0,0.0,0.0,0.0,0.0,0.0,0.0,0.0,1.0,1.0,1.1670271457858257,0.0,0.0,0,0.0
0,0.0,0.0,0.4058376722165099,19.974842206030154,595.3601953601953,-700.8547008547008,1296.2148962148963,19.978964572069135,0.40583767221650985,17.040338290655626,398.9562790565176,0.3536059847344754,2.889197759348215,0.3561704155324046,0.09572948388164533,0.045285548096910454,0.13930801457762043,0.06498501319215967,3.6360849834390088,,,0.0,0.0,0.0,0.0,0.0,0.0,0.0,0.0,0.0,1.0,1.0,1.1670271457858257,0.0,0.0,0,0.0
0,0.0,0.0,0.40350542488700375,31.703116959632705,2373.137973137973,-2500.1221001221,4873.260073260073,31.70568468877567,0.40350542488700375,26.844874116380634,1005.0496943399052,0.44247013113148026,2.6134975245508274,0.3343515365738113,0.08156505963742416,0.039092709298257824,0.12659213458658508,0.10559810894404811,3.8746528942951586,,,0.0,0.0,0.0,0.0,0.0,0.0,0.0,0.0,0.0,1.0,1.0,1.1670271457858257,0.0,0.0,0,0.0
0,0.0,0.0,0.4048362370045484,21.814881257986908,1103.2967032967033,-1375.8241758241759,2479.120879120879,21.818637369892294,0.4048362370045484,18.563680476243654,475.85395531030076,0.32184925544910437,3.0458221292332235,0.354143631445673,0.09787832418473612,0.05066412552580644,0.1394769475244124,0.052117392693788726,3.5456974788279676,,,0.0,0.0,0.0,0.0,0.0,0.0,0.0,0.0,0.0,1.0,1.0,1.1670271457858257,0.0,0.0,0,0.0
1,0.043611111111111114,0.5,0.40627775256338844,41.241298918601096,2608.5470085470083,-2500.1221001221,5108.669108669108,41.24330003898373,0.4062777525633885,34.764459796734805,1700.8031820828294,0.4682181231401775,2.4143912080478866,0.3139716553718014,0.09149005185062291,0.04102667209132628,0.1285476999822459,0.11868219734196178,4.030928980455513,,,0.0,0.0,0.0,0.0,0.0,0.0,0.0,0.0,0.0,1.0,1.0,1.1670271457858257,0.0,0.0,0,0.0
0,0.0,0.0,0.4122818453273497,22.845181977350066,973.3821733821734,-1283.028083028083,2256.4102564102564,22.848901853223204,0.4122818453273497,19.571635256710397,521.8669260205866,0.30705407935854634,3.1998706001497843,0.34562007059063643,0.10561822172687081,0.058891248289871224,0.13353917389835343,0.04787923251658276,3.4784536424325325,,,0.0,0.0,0.0,0.0,0.0,0.0,0.0,0.0,0.0,1.0,1.0,1.1670271457858257,0.0,0.0,0,0.0
1,0.009722222222222222,0.5,0.41217560460981506,14.732757600840305,1032.967032967033,-882.5396825396825,1915.5067155067154,14.738522152989194,0.41217560460981517,13.140706232586979,217.02177099928815,0.34460905001435543,2.3248818286062,0.24670167471182164,0.13200148858743765,0.10637351943065926,0.2131338091073158,0.05374054532672581,3.9262309551671235,,,0.0,0.0,0.0,0.0,0.0,0.0,0.0,0.0,0.0,1.0,1.0,1.1670271457858257,0.0,0.0,0,0.0
0,0.0,0.0,0.40386598507486665,36.55364398283078,2170.940170940171,-2101.5873015873017,4272.527472527472,36.55587498826202,0.40386598507486654,30.870436129779293,1336.1268135837956,0.4652075814512289,2.4688516744425923,0.3273775556294709,0.09220444353679597,0.03777873370939103,0.118968840963508,0.11890639757253557,3.995631188360629,,,0.0,0.0,0.0,0.0,0.0,0.0,0.0,0.0,0.0,1.0,1.0,1.1670271457858257,0.0,0.0,0,0.0
1,0.015277777777777777,0.5,0.4123570143306985,33.34593527400532,2504.029304029304,-2191.4529914529912,4695.482295482296,33.34848478724963,0.4123570143306986,28.66577274091679,1111.9123422894463,0.4273905311214787,2.6054322495493207,0.32487722348555276,0.09221871049858126,0.0437117245000625,0.12157243396878174,0.10684499264643658,3.9036442019497186,,,0.0,0.0,0.0,0.0,0.0,0.0,0.0,0.0,0.0,1.0,1.0,1.1670271457858257,0.0,0.0,0,0.0
1,0.05694444444444444,0.5,0.3986372347803268,33.667847690282294,1301.5873015873015,-1083.7606837606838,2385.3479853479853,33.67020759872146,0.3986372347803268,27.979768507489535,1133.4825442668534,0.31932761381278746,3.60871022363702,0.4004636361055657,0.07427567720920088,0.031879790648632604,0.09344443529016166,0.06861125659886351,3.273677747693553,,,0.0,0.0,0.0,0.0,0.0,0.0,0.0,0.0,0.0,1.0,1.0,1.1670271457858257,0.0,0.0,0,0.0
0,0.0,0.0,0.4061872150550878,32.346478616076695,2006.8376068376067,-2184.6153846153848,4191.452991452991,32.34902884035286,0.40618721505508787,27.36396051969917,1046.2495810086427,0.2910299197048286,3.812173219382934,0.39458051994771126,0.09482163243658961,0.044631060122609645,0.09574623742514295,0.0485761251971757,3.304147294221677,,,0.0,0.0,0.0,0.0,0.0,0.0,0.0,0.0,0.0,1.0,1.0,1.1670271457858257,0.0,0.0,0,0.0
1,0.05277777777777778,0.5,0.40711836236781407,21.306185257590883,820.02442002442,-815.1404151404151,1635.164835164835,21.310074509296307,0.40711836236781407,18.629854228281122,453.9202711731768,0.270864839824066,3.341278764781676,0.34448250307131495,0.10961124024899159,0.08551980856430101,0.12802941561118414,0.04344013631673761,3.4793213752815135,,,0.0,0.0,0.0,0.0,0.0,0.0,0.0,0.0,0.0,1.0,1.0,1.1670271457858257,0.0,0.0,0,0.0
0,0.0,0.0,0.40619725618355,22.24397558864857,694.017094017094,-689.1330891330891,1383.1501831501832,22.247684063725032,0.40619725618355,19.706890441821674,494.7632547977471,0.20421888039196665,3.6656369328675176,0.38179359407367974,0.09487854490390603,0.09671892460757865,0.08447418441854834,0.026765005873127964,3.041096269535129,,,0.0,0.0,0.0,0.0,0.0,0.0,0.0,0.0,0.0,1.0,1.0,1.1670271457858257,0.0,0.0,0,0.0
0,0.0,0.0,0.40631928378638904,20.906575148429827,659.8290598290598,-677.4114774114773,1337.2405372405372,20.910523183252025,0.406319283786389,18.405342210903054,437.05352852746836,0.20195246021934773,3.107017013502221,0.33717495953902693,0.11772748913949123,0.1343101719892261,0.09292865335341986,0.02730027174342096,3.1574821679227583,,,0.0,0.0,0.0,0.0,0.0,0.0,0.0,0.0,0.0,1.0,1.0,1.1670271457858257,0.0,0.0,0,0.0
1,0.03333333333333333,0.5,0.4096663544991395,15.633186808331036,803.4188034188033,-930.4029304029303,1733.8217338217337,15.63855352346195,0.40966635449913963,13.960101654040136,244.36466415463542,0.24318061758873052,2.8409554181045804,0.3108804171865928,0.13301162498087815,0.11634400799579318,0.1489323466623989,0.03388785527204959,3.5023687595693107,,,0.0,0.0,0.0,0.0,0.0,0.0,0.0,0.0,0.0,1.0,1.0,1.1670271457858257,0.0,0.0,0,0.0
0,0.0,0.0,0.40870873765610605,18.9772435290068,1000.7326007326008,-855.1892551892552,1855.921855921856,18.981644154062813,0.408708737656106,16.714802851668516,360.1041756818835,0.24677705383311074,3.3534040071132716,0.3525301279811528,0.10482923531783585,0.10076723542715856,0.10523451737667947,0.03223746542017623,3.323088331416531,,,0.0,0.0,0.0,0.0,0.0,0.0,0.0,0.0,0.0,1.0,1.0,1.1670271457858257,0.0,0.0,0,0.0
0,0.0,0.0,0.40840139544909276,19.289494231127247,931.3797313797313,-897.1916971916971,1828.5714285714284,19.293817128616517,0.40840139544909276,17.011866561487462,372.0528801098539,0.2120214556778096,3.233758758086354,0.33953689864942077,0.11773424880139603,0.13610320764645734,0.10145879955650935,0.01999385726936906,3.2338373640016083,,,0.0,0.0,0.0,0.0,0.0,0.0,0.0,0.0,0.0,1.0,1.0,1.1670271457858257,0.0,0.0,0,0.0
0,0.0,0.0,0.41475260444558687,18.647864828757648,1439.3162393162393,-1482.2954822954823,2921.611721611722,18.65247657536422,0.41475260444558687,16.469810100681507,347.70999579340076,0.2176208124791686,3.424244896259886,0.37513504909751133,0.10321725311492572,0.08153137378240888,0.11268827859141912,0.020646344796318078,3.206538357151999,,,0.0,0.0,0.0,0.0,0.0,0.0,0.0,0.0,0.0,1.0,1.0,1.1670271457858257,0.0,0.0,0,0.0
0,0.0,0.0,0.40964643959435626,17.56802819863403,1291.8192918192917,-870.8180708180707,2162.6373626373625,17.57280356099939,0.40964643959435615,15.644642732922636,308.6038393227521,0.2605303086833638,3.2839208112875595,0.3269668756484862,0.10513441030358953,0.11423103959960323,0.1329166770776591,0.03095985185184505,3.4371655273870374,,,0.0,0.0,0.0,0.0,0.0,0.0,0.0,0.0,0.0,1.0,1.0,1.1670271457858257,0.0,0.0,0,0.0
1,0.06722222222222222,0.5,0.4097524571757028,33.23000530536036,2299.8778998779,-2362.393162393162,4662.271062271062,33.23253149656883,0.40975245717570274,28.29276112378732,1104.195534615332,0.2489132627957466,4.284908645103165,0.4244817234068627,0.0845438463211048,0.03288401371976951,0.07753294261926888,0.05365953863440812,2.96114842015766,,,0.0,0.0,0.0,0.0,0.0,0.0,0.0,0.0,0.0,1.0,1.0,1.1670271457858257,0.0,0.0,0,0.0
0,0.0,0.0,0.4106791696566916,42.84624985041188,2761.904761904762,-3385.103785103785,6147.008547008547,42.84821797489727,0.41067916965669155,36.53404236777325,1835.7578751677736,0.44121453657682075,2.7500123422331644,0.336875538431231,0.0885034260169888,0.033866291790478585,0.11823968711423849,0.10460960021169989,3.7993432248087755,,,0.0,0.0,0.0,0.0,0.0,0.0,0.0,0.0,0.0,1.0,1.0,1.1670271457858257,0.0,0.0,0,0.0
1,0.029722222222222223,0.5,0.4142355421138315,42.66617296660589,2236.3858363858362,-2688.6446886446884,4925.030525030525,42.668183775509846,0.41423554211383157,35.38793247607996,1820.3640403185077,0.31517805709290664,3.804146502163732,0.39609032825877827,0.10755298946914484,0.03680442407810768,0.07830813826466006,0.05976411059944121,3.3473054292052744,,,0.0,0.0,0.0,0.0,0.0,0.0,0.0,0.0,0.0,1.0,1.0,1.1670271457858257,0.0,0.0,0,0.0
0,0.0,0.0,0.17481066965281866,40.540074952839596,1105.5433455433456,-1131.3308913308913,2236.874236874237,40.54045184691554,0.17481066965281863,31.932394742344925,1643.4873133157898,0.46400954963812374,2.4349341415947103,0.32451168218533094,0.08868331972749156,0.037238782333277966,0.10035239914038917,0.11449278307714629,3.815643977477983,,,0.0,0.0,0.0,0.0,0.0,0.0,0.0,0.0,0.0,1.0,1.0,2.0306272435684085,0.0,0.0,0,0.0
0,0.0,0.0,0.20792684773339534,32.180746280110334,955.5067155067155,-1132.112332112332,2087.6190476190477,32.18141800354427,0.20792684773339534,24.349496490878618,1035.598305769545,0.4003580584045724,3.089200705493475,0.3459512447969634,0.10704792544371886,0.043034729540617656,0.08411143827285997,0.09263114090540284,3.6070358788222046,0.1412247762380213,0.3151556813750391,0.0,0.0,0.0,0.0,0.0,0.0,0.0,0.0,0.0,1.0,1.0,2.0306272435684085,0.0,0.0,0,0.0
0,0.0,0.0,0.2202628211184759,31.873629333030983,1005.1282051282051,-774.993894993895,1780.1221001221002,31.87439038742263,0.22026282111847584,22.757944972405657,1015.9257755439365,0.31292190333675945,3.8369854639346066,0.37577671833261045,0.12326344197594416,0.05093262799066076,0.06833563080612601,0.06307682713243026,3.340213279283329,0.16793750419753645,0.34463443520025705,0.0,0.0,0.0,0.0,0.0,0.0,0.0,0.0,0.0,1.0,1.0,2.0306272435684085,0.0,0.0,0,0.0
0,0.0,0.0,0.21230888544876636,30.523644696360837,923.4676434676435,-646.4468864468864,1569.9145299145298,30.52438305048142,0.21230888544876642,22.349923819494055,931.6902292912054,0.31731151858995066,3.570578714275843,0.35937514559024875,0.13108182073128585,0.05807190099531822,0.07267331706175571,0.0660074477058293,3.404181134983699,0.16397848607302506,0.32994157421822246,0.0,0.0,0.0,0.0,0.0,0.0,0.0,0.0,0.0,1.0,1.0,2.0306272435684085,0.0,0.0,0,0.0
0,0.0,0.0,0.22274275272787178,33.81974403491001,987.936507936508,-735.9218559218559,1723.8583638583639,33.820477538330586,0.2227427527278718,24.272254091034732,1143.7712141743505,0.3201380259090542,3.7737838762767395,0.3653295396265785,0.11948221477869894,0.05257873246681998,0.07469236132592554,0.0693113581638301,3.3835542979915236,0.1792979402139953,0.33531664513587994,0.0,0.0,0.0,0.0,0.0,0.0,0.0,0.0,0.0,1.0,1.0,2.0306272435684085,0.0,0.0,0,0.0
0,0.0,0.0,0.21692799181638467,28.585743774160594,1015.2869352869353,-577.2893772893773,1592.5763125763126,28.58656686060071,0.21692799181638467,20.319722384369612,817.1423551110402,0.2796240046735827,3.950994794310709,0.39403033688391187,0.13142631273555705,0.05574855830105598,0.05839145048026824,0.04571579655108515,3.2011438623181285,0.16933638422507913,0.348215030132832,0.0,0.0,0.0,0.0,0.0,0.0,0.0,0.0,0.0,1.0,1.0,2.0306272435684085,0.0,0.0,0,0.0
0,0.0,0.0,0.21731397598213073,28.706018811866038,903.9316239316239,-894.5543345543346,1798.4859584859585,28.70684136911207,0.21731397598213076,21.759034060762353,824.0328033834865,0.38351942500134373,3.3111469625770957,0.3237286367462758,0.11686681832303814,0.05547938168154069,0.08947184816096318,0.09999727471579536,3.644712226531637,0.14820849263555885,0.31662540832282393,0.0,0.0,0.0,0.0,0.0,0.0,0.0,0.0,0.0,1.0,1.0,2.0306272435684085,0.0,0.0,0,0.0
0,0.0,0.0,0.2134169773678702,22.33650601530798,754.6764346764347,-705.8363858363858,1460.5128205128206,22.33752555181792,0.21341697736787024,18.096995683289595,498.91818418274767,0.2394143005378364,3.9172108365939637,0.34543365764620965,0.17219549224979458,0.10249080816789129,0.04910560209438026,0.03199304208608264,3.196671926463781,0.15066997892687717,0.301205784053612,0.0,0.0,0.0,0.0,0.0,0.0,0.0,0.0,0.0,1.0,1.0,2.0306272435684085,0.0,0.0,0,0.0
0,0.0,0.0,0.19311416785375116,20.585744752870824,547.5946275946276,-499.9267399267399,1047.5213675213674,20.586650531647308,0.19311416785375118,18.251195895952627,423.7725822332035,0.19772257991907496,4.8695648093808535,0.44252625669724227,0.1228878139658477,0.04085276886162735,0.02598761835428636,0.01891420167532035,2.723687557304735,0.1467720825163166,0.31753839901098924,0.0,0.0,0.0,0.0,0.0,0.0,0.0,0.0,0.0,1.0,1.0,2.0306272435684085,0.0,0.0,0,0.0
0,0.0,0.0,0.2103956655667965,13.296146777264607,354.96947496947496,-292.06349206349205,647.032967032967,13.29781130331805,0.2103956655667965,11.628388415105308,176.7865995914917,0.17289514734040345,4.529846304760519,0.3929762410592378,0.17937211832076044,0.07152342772774434,0.0384388451569996,0.013548477161399572,2.944859964261526,0.1313425733120729,0.3061592702106775,0.0,0.0,0.0,0.0,0.0,0.0,0.0,0.0,0.0,1.0,1.0,2.0306272435684085,0.0,0.0,0,0.0
0,0.0,0.0,0.19371499311975504,17.722110785036932,556.9719169719169,-634.7252747252747,1191.6971916971916,17.723169473197558,0.193714993119755,15.769152287833151,314.07305538882554,0.1542432061993241,5.522982321174618,0.45722225335808214,0.12155417043840774,0.03614359365909843,0.022317593487588546,0.011221915607672531,2.5718343610904038,0.13994113993582416,0.3184063173984455,0.0,0.0,0.0,0.0,0.0,0.0,0.0,0.0,0.0,1.0,1.0,2.0306272435684085,0.0,0.0,0,0.0
0,0.0,0.0,0.19321307137527374,19.212031252075718,983.2478632478633,-790.6227106227107,1773.870573870574,19.213002787739462,0.19321307137527377,16.786277345677956,369.1018883387139,0.30480850021350886,3.5358955118121407,0.3730015975085855,0.13213386204623562,0.057120271920102224,0.05054525776393617,0.0486681006576362,3.261113405402832,0.1453639438526379,0.30594627202238023,0.0,0.0,0.0,0.0,0.0,0.0,0.0,0.0,0.0,1.0,1.0,2.0306272435684085,0.0,0.0,0,0.0
0,0.0,0.0,0.20004428854875284,13.302768769729695,731.6239316239316,-672.2344322344322,1403.8583638583639,13.304272797048197,0.20004428854875284,11.773800995076233,176.96336590618415,0.23115833620560874,3.915347894574208,0.3598759267269064,0.18401379474343704,0.08345916720145038,0.049282427554089916,0.024263855603085357,3.1952350794171775,0.1304942553222424,0.3003086975639288,0.0,0.0,0.0,0.0,0.0,0.0,0.0,0.0,0.0,1.0,1.0,2.0306272435684085,0.0,0.0,0,0.0
0,0.0,0.0,0.2027684355437332,15.713495198511815,724.981684981685,-740.2197802197802,1465.2014652014652,15.714803415636693,0.20276843554373314,13.890570266281795,246.91347766838868,0.37019662140816606,2.974685214444121,0.3130513551161078,0.1563581290924483,0.07376331184330061,0.07187719302437591,0.06920085091851501,3.675404360803359,0.11614649535483106,0.2739782780260365,0.0,0.0,0.0,0.0,0.0,0.0,0.0,0.0,0.0,1.0,1.0,2.0306272435684085,0.0,0.0,0,0.0
0,0.0,0.0,0.2145622716679264,25.28470655753886,1009.0354090354091,-692.5518925518926,1701.5873015873017,25.285616912965995,0.21456227166792646,19.792705199294566,639.3149469259107,0.29564693742358905,3.9002989586259225,0.32721119356573,0.18773331004301366,0.07526234991919781,0.054797132258107985,0.048041103154085704,3.3207443973210773,0.13902476872617803,0.31098021808564597,0.0,0.0,0.0,0.0,0.0,0.0,0.0,0.0,0.0,1.0,1.0,2.0306272435684085,0.0,0.0,0,0.0
0,0.0,0.0,0.2126470379818594,30.93723784388712,1078.974358974359,-810.9401709401709,1889.9145299145298,30.937968649735296,0.2126470379818594,23.19147782895617,957.110808458214,0.3414021390324128,3.686504265560005,0.332371447282655,0.13893104475499854,0.06009050877651697,0.0753798602868766,0.07711782989243977,3.503463744491571,0.15221102149303273,0.32297010417804956,0.0,0.0,0.0,0.0,0.0,0.0,0.0,0.0,0.0,1.0,1.0,2.0306272435684085,0.0,0.0,0,0.0
0,0.0,0.0,0.20584262105839488,25.793133705010145,922.2954822954823,-700.7570207570208,1623.0525030525032,25.793955057516374,0.20584262105839488,19.79317367842751,665.2847267557898,0.35692320382462933,3.260109727083486,0.32312908842097354,0.14337878250209388,0.06571239255930551,0.08248909629126695,0.07736526779095457,3.6034623839133992,0.15750756326545146,0.31132346399073085,0.0,0.0,0.0,0.0,0.0,0.0,0.0,0.0,0.0,1.0,1.0,2.0306272435684085,0.0,0.0,0,0.0
0,0.0,0.0,0.21325775057173865,31.215401127232532,923.0769230769231,-724.981684981685,1648.0586080586081,31.216129587157486,0.2132577505717387,23.572259097372154,974.3973543602481,0.36061024981963297,3.502155229153593,0.33240259668759115,0.11987193741155348,0.056802162788556425,0.08963615222950813,0.08436260814527514,3.5724862825317047,0.1546244590644778,0.31949978453579503,0.0,0.0,0.0,0.0,0.0,0.0,0.0,0.0,0.0,1.0,1.0,2.0306272435684085,0.0,0.0,0,0.0
0,0.0,0.0,0.2232552280171328,33.55110256846571,963.7118437118437,-866.4224664224664,1830.13431013431,33.55184535098693,0.2232552280171328,25.376451772633295,1125.6718990128377,0.35226327371334293,3.358654137276076,0.3236207006346215,0.13152508296319707,0.06419730919981012,0.090228205003742,0.08356358370093916,3.5895278219773457,0.15574688428119324,0.3140450615005926,0.0,0.0,0.0,0.0,0.0,0.0,0.0,0.0,0.0,1.0,1.0,2.0306272435684085,0.0,0.0,0,0.0
0,0.0,0.0,0.21443069303932402,38.78066537806503,1191.5018315018315,-1061.7826617826618,2253.2844932844932,38.78125820145047,0.214430693039324,30.181640352135016,1503.9359650974145,0.45679742410218305,2.8785219205587955,0.297455370014347,0.10429006356380817,0.05042051822660733,0.09430954200132387,0.11577225458009577,3.860443821712806,0.12168197073733891,0.3059021631811173,0.0,0.0,0.0,0.0,0.0,0.0,0.0,0.0,0.0,1.0,1.0,2.0306272435684085,0.0,0.0,0,0.0
0,0.0,0.0,0.20055359928871833,50.25946348996995,1352.869352869353,-1168.4493284493285,2521.3186813186812,50.259863629399256,0.20055359928871833,40.83252219837441,2526.0071235151004,0.499757969406695,2.4074833718054935,0.29082459882883954,0.09305464555046607,0.040890750566872185,0.1081657445431546,0.13144087790205292,3.994123290779199,0.11217223059794332,0.3034645424283345,0.0,0.0,0.0,0.0,0.0,0.0,0.0,0.0,0.0,1.0,1.0,2.0306272435684085,0.0,0.0,0,0.0
0,0.0,0.0,0.21578080484330486,37.35308569851171,947.3015873015873,-955.5067155067155,1902.8083028083029,37.353708953142785,0.21578080484330484,28.436463557905082,1395.2490078153885,0.4237997250686374,3.256040439326527,0.3097280697928183,0.10804101097666087,0.052672522306696605,0.08791642310346841,0.10330390343282285,3.727040880873492,0.14027992534742637,0.3089269828174857,0.0,0.0,0.0,0.0,0.0,0.0,0.0,0.0,0.0,1.0,1.0,2.0306272435684085,0.0,0.0,0,0.0
0,0.0,0.0,0.21846284364885554,32.853039670759806,887.1306471306472,-851.1843711843712,1738.3150183150183,32.85376601886871,0.21846284364885557,26.457286598047094,1079.3196486265633,0.366706085502354,3.216050080737299,0.31278259205026654,0.14587928289188765,0.06374017293801043,0.08017901744925364,0.08540475498124393,3.626695282301641,0.12587595759065043,0.28669272538572893,0.0,0.0,0.0,0.0,0.0,0.0,0.0,0.0,0.0,1.0,1.0,2.0306272435684085,0.0,0.0,0,0.0
0,0.0,0.0,0.1947003186958544,22.054649982074885,730.4517704517705,-776.1660561660561,1506.6178266178267,22.055509380785924,0.19470031869585439,19.587831195216555,486.40732795495074,0.1804032148487146,4.874275978258602,0.43385080333876674,0.13613061916733984,0.04497805297975518,0.02523885263904,0.016747982296997064,2.716090830316879,0.130583986230295,0.3049457643190306,0.0,0.0,0.0,0.0,0.0,0.0,0.0,0.0,0.0,1.0,1.0,2.0306272435684085,0.0,0.0,0,0.0
0,0.0,0.0,0.19748057966063917,19.917687479998037,682.7838827838827,-641.3675213675214,1324.1514041514042,19.918666449594802,0.19748057966063923,17.73694992198757,396.7141016533755,0.24272994601564774,4.358144228432045,0.43101507197358846,0.11148027063005064,0.037508392024901395,0.030460590791553246,0.02979508338445611,2.82774696143084,0.1295103410340336,0.30651110452600205,0.0,0.0,0.0,0.0,0.0,0.0,0.0,0.0,0.0,1.0,1.0,2.0306272435684085,0.0,0.0,0,0.0
0,0.0,0.0,0.19139337982343935,23.081081241157975,1335.6776556776556,-1110.6227106227107,2446.3003663003665,23.081874765425248,0.19139337982343932,20.42934099300828,532.7360426879278,0.18335642688501294,5.2564846664893015,0.4437039195206207,0.1076738355645336,0.03793404530594747,0.023242804832253588,0.017607993915667412,2.6015773013018366,0.13453657854038348,0.31744174107120154,0.0,0.0,0.0,0.0,0.0,0.0,0.0,0.0,0.0,1.0,1.0,2.0306272435684085,0.0,0.0,0,0.0
0,0.0,0.0,0.2018611183789755,16.03654830151525,896.5079365079365,-1014.5054945054945,1911.013431013431,16.037818721320704,0.20186111837897555,14.227457519894674,257.17036986167267,0.30356108572232987,3.5271984315885656,0.35520721837310215,0.14158074731917292,0.06583578180533388,0.06019045364265694,0.05021305470764207,3.3867761638912546,0.11068851450598617,0.2618100634012672,0.0,0.0,0.0,0.0,0.0,0.0,0.0,0.0,0.0,1.0,1.0,2.0306272435684085,0.0,0.0,0,0.0
0,0.0,0.0,0.19773006424792136,16.530836053950413,737.0940170940171,-647.2283272283272,1384.3223443223442,16.53201856461861,0.19773006424792142,14.69860130061157,273.2682134494019,0.301285978729721,3.4982619955829466,0.35863791503840453,0.14996881055014777,0.06290019120889255,0.055156601492786554,0.04884732015437311,3.337206499379507,0.12676453769388865,0.2940033087335132,0.0,0.0,0.0,0.0,0.0,0.0,0.0,0.0,0.0,1.0,1.0,2.0306272435684085,0.0,0.0,0,0.0
1,0.013888888888888888,0.5,0.21766062875664324,56.759475779582196,1323.956043956044,-1235.6532356532357,2559.60927960928,56.75989311936984,0.21766062875664324,53.431903754816055,3221.6355300408786,0.41115412410763164,3.674723068557905,0.4842373678426182,0.10380794207501809,0.035785860532441746,0.116635128848639,0.10670683063716474,4.104318720233314,0.134538168366003,0.24826862512941084,0.0,0.0,0.0,0.0,0.8,0.0,0.0,0.0,0.0,1.0,1.0,1.6115704400529154,0.8,0.8,0,0.0
0,0.0,0.0,0.20962130160499728,90.75259091392162,2194.090354090354,-2718.8278388278386,4912.918192918192,90.75283300635687,0.20962130160499726,75.01316998737458,8236.030388721121,0.4957235666030998,3.1451908918791798,0.40316240672418585,0.10831559360190403,0.042326201440940285,0.1381294154616119,0.1322921105872977,4.528927190988242,0.057980588814228524,0.20981233597983256,0.0,0.0,0.0,0.0,0.8,0.0,0.0,0.0,0.0,1.0,1.0,1.6115704400529154,0.8,0.8,0,0.0
1,0.015,0.5,0.21272956445057895,76.7375428742291,2131.965811965812,-1960.8302808302808,4092.796092796093,76.73783773499056,0.21272956445057895,68.1300570550646,5888.64784377479,0.44923688852337823,3.4196201628755665,0.4521356342728463,0.11872280229412865,0.04345288281437929,0.11781355341423842,0.10577673764731434,4.307771947600052,0.08545433209486224,0.22374184988960993,0.0,0.0,0.0,0.0,0.8,0.0,0.0,0.0,0.0,1.0,1.0,1.6115704400529154,0.8,0.8,0,0.0
1,0.021666666666666667,0.5,0.20476155453510522,69.5252724785461,1468.5225885225884,-1353.2600732600733,2821.7826617826618,69.52557400345785,0.20476155453510528,67.68727104741333,4833.763083042322,0.328329662291419,4.602439772122735,0.5585039562452323,0.10427841487814678,0.022198055625739982,0.0680334761720383,0.08102929451469276,3.6400746782826614,0.1021085311537262,0.2516778433803062,0.0,0.0,0.0,0.0,0.8,0.0,0.0,0.0,0.0,1.0,1.0,1.6115704400529154,0.8,0.8,0,0.0
0,0.0,0.0,0.200475939787534,56.04649276248823,965.6654456654456,-946.1294261294262,1911.7948717948718,56.04685130833025,0.20047593978753397,54.957105477818956,3141.2086357273934,0.15404999281267676,7.5593813399938545,0.631334750448928,0.10378576338893779,0.013745490736550809,0.01818863828248637,0.013541995561516475,2.745023219918111,0.10802791856598971,0.25652600525308494,0.0,0.0,0.0,0.0,0.8,0.0,0.0,0.0,0.0,1.0,1.0,1.6115704400529154,0.8,0.8,0,0.0
1,0.006666666666666667,0.5,0.21125182855255317,48.462370489938316,1160.6349206349207,-1032.869352869353,2193.5042735042734,48.462830920604624,0.21125182855255317,46.04579957633147,2348.5991450626943,0.3737170963486371,4.481467219727112,0.4617197941391108,0.12009926834115758,0.03578326340052069,0.0827432799931807,0.10376205314356282,3.9467198824905485,0.13875075443665835,0.2431384415386738,0.0,0.0,0.0,0.0,0.8,0.0,0.0,0.0,0.0,1.0,1.0,1.6115704400529154,0.8,0.8,0,0.0
1,0.006111111111111111,0.5,0.20027793261488913,66.19098209907727,1204.7863247863247,-1025.4456654456656,2230.2319902319905,66.1912850947212,0.20027793261488913,65.16184866556841,4381.244303855187,0.10021542372540108,8.358239488308497,0.648746324417459,0.09410045506034642,0.013907897482915451,0.013898090367439523,0.005232675232763269,2.562781714050148,0.09565624515625219,0.26807935615435446,0.0,0.0,0.0,0.0,0.8,0.0,0.0,0.0,0.0,1.0,1.0,1.6115704400529154,0.8,0.8,0,0.0
0,0.0,0.0,0.20494287985230014,52.83118586502662,891.037851037851,-891.8192918192918,1782.857142857143,52.83158337101956,0.2049428798523001,51.51761415300293,2791.132229290469,0.10988474521481188,9.007435391569738,0.6229485775439472,0.10871293808890936,0.013224844726076872,0.013553723041931623,0.0071971273693520596,2.621461045684094,0.09370753476477488,0.27391002654421354,0.0,0.0,0.0,0.0,0.8,0.0,0.0,0.0,0.0,1.0,1.0,1.6115704400529154,0.8,0.8,0,0.0
1,0.005277777777777778,0.5,0.1999962765361316,41.867141050420145,1376.3125763125763,-1160.2442002442003,2536.5567765567766,41.86761873150184,0.1999962765361316,40.428665986768905,1752.8558129255416,0.17092829893675726,6.569749889217828,0.5903214667302832,0.14042616305785124,0.02163803629000071,0.03402878125594301,0.018143104512761604,3.0582656777266943,0.09578208617315782,0.26780417352911795,0.0,0.0,0.0,0.0,0.8,0.0,0.0,0.0,0.0,1.0,1.0,1.6115704400529154,0.8,0.8,0,0.0
0,0.0,0.0,0.20149327490813,58.774598423273794,1221.978021978022,-1223.5409035409036,2445.5189255189257,58.77494380564673,0.20149327490812996,57.57319447468406,3454.452069265378,0.11181870909327252,8.833172381992858,0.6290971146463172,0.09950745163067316,0.014820092966591068,0.014942570432023761,0.006691442335292348,2.609527044336502,0.09274792959546843,0.2663149746273623,0.0,0.0,0.0,0.0,0.8,0.0,0.0,0.0,0.0,1.0,1.0,1.6115704400529154,0.8,0.8,0,0.0
1,0.019444444444444445,0.5,0.19611530277291145,33.04700738846764,1109.8412698412699,-1162.5885225885227,2272.4297924297925,33.04758930005965,0.19611530277291145,32.36906713557182,1092.1026057671218,0.2100786443327687,5.664517498608338,0.5655132214031104,0.18109886455910154,0.028693419287994622,0.036235111581585364,0.02386444971303277,3.308703027079929,0.09149521396262661,0.26878535289036104,0.0,0.0,0.0,0.0,0.8,0.0,0.0,0.0,0.0,1.0,1.0,1.6115704400529154,0.8,0.8,0,0.0
0,0.0,0.0,0.19761149009337414,40.65482525059474,1013.7240537240538,-876.5811965811965,1890.3052503052504,40.655305514255,0.19761149009337411,40.14847424902441,1652.8138657299778,0.20967919337763216,6.525168000631397,0.5889135229840933,0.12848991762977896,0.02063857053455744,0.027730494731662333,0.018450539730663507,3.053478699522698,0.08105922289923377,0.25163642088069976,0.0,0.0,0.0,0.0,0.8,0.0,0.0,0.0,0.0,1.0,1.0,1.6115704400529154,0.8,0.8,0,0.0
1,0.0044444444444444444,0.5,0.2000772526587744,36.33931128733048,1118.046398046398,-1049.6703296703297,2167.7167277167277,36.33986207657558,0.2000772526587744,35.505049347395364,1320.5442012157075,0.18545628568886297,6.043010572813718,0.5784781432143772,0.16467892620275104,0.030073905773846117,0.03454260518670478,0.015803506209373697,3.186858993693139,0.09317238035089424,0.26695597975915275,0.0,0.0,0.0,0.0,0.8,0.0,0.0,0.0,0.0,1.0,1.0,1.6115704400529154,0.8,0.8,0,0.0
1,0.0075,0.5,0.19728008337609787,42.9631453160862,1254.4078144078144,-955.1159951159951,2209.5238095238096,42.96359825343353,0.19728008337609787,41.92188305693435,1845.8304161488584,0.14493340146476316,7.082760291672087,0.6166997224324592,0.12301724100461259,0.0216654717351832,0.02450330307431921,0.00934646918881608,2.860129296861738,0.10349445073225365,0.2746801875603423,0.0,0.0,0.0,0.0,0.8,0.0,0.0,0.0,0.0,1.0,1.0,1.6115704400529154,0.8,0.8,0,0.0
1,0.004722222222222222,0.5,0.19674768334188622,35.384575434460736,1311.8437118437118,-1116.8742368742369,2428.7179487179487,35.385122415048144,0.19674768334188625,34.82828408152458,1252.067610413563,0.2710969814682285,5.26479273405608,0.5282332059263134,0.18041845942750465,0.02879145325213381,0.04458496997229573,0.03387090383568877,3.488686492953224,0.0925120905465327,0.263550616877735,0.0,0.0,0.0,0.0,0.8,0.0,0.0,0.0,0.0,1.0,1.0,1.6115704400529154,0.8,0.8,0,0.0
0,0.0,0.0,0.20712720753481625,51.377363292117785,1670.5250305250306,-1517.3626373626373,3187.8876678876677,51.377780805814815,0.2071272075348162,48.52139028211125,2639.6322837235903,0.3859226146740179,4.510331303381863,0.49014608345970523,0.10407360278562881,0.02350247729202384,0.0755023356828799,0.10388163668879677,3.8677866852054676,0.1153946971512892,0.2347925850481477,0.0,0.0,0.0,0.0,0.8,0.0,0.0,0.0,0.0,1.0,1.0,1.6115704400529154,0.8,0.8,0,0.0
1,0.018333333333333333,0.5,0.21563062206178144,66.57684548684885,1504.4688644688645,-1347.789987789988,2852.258852258852,66.57719468064809,0.21563062206178152,62.983572191435115,4432.4737688997875,0.453978277061744,3.8595164660904198,0.46054892723906177,0.09623740148067991,0.02568608966489643,0.1069645230660018,0.14415832030619824,4.216070985658389,0.10126984529592636,0.23630724184844967,0.0,0.0,0.0,0.0,0.8,0.0,0.0,0.0,0.0,1.0,1.0,1.6115704400529154,0.8,0.8,0,0.0
