{
  "total_epochs": 95699,
  "preictal": 8862,
  "interictal": 86837,
  "feature_dim": 221,
  "feature_stats": {
    "Delta Power": {
      "mean": 2.950309996307965e-10,
      "std": 1.551308803637852e-10,
      "min": 5.1559655850352826e-11,
      "max": 7.788683031861865e-10
    },
    "Theta Power": {
      "mean": 1.1087335216597438e-10,
      "std": 4.545448392678786e-11,
      "min": 3.481783611425371e-11,
      "max": 2.6641353012557545e-10
    },
    "Alpha Power": {
      "mean": 2.459989850711608e-11,
      "std": 7.778964972171565e-12,
      "min": 1.1661359378134506e-11,
      "max": 6.275750058515328e-11
    },
    "Beta Power": {
      "mean": 7.070116020413408e-11,
      "std": 3.4713724950119484e-11,
      "min": 2.198709790623976e-11,
      "max": 2.3534910131850495e-10
    },
    "Gamma Power": {
      "mean": 6.176396893931013e-11,
      "std": 4.364144115531765e-11,
      "min": 1.1189702810165958e-11,
      "max": 2.2232976570890628e-10
    },
    "\u03b1/\u03b2 Ratio": {
      "mean": 0.53895503282547,
      "std": 0.14661911129951477,
      "min": 0.19205738604068756,
      "max": 1.0259617567062378
    },
    "\u03b8/\u03b1 Ratio": {
      "mean": 4.540640830993652,
      "std": 1.1994775533676147,
      "min": 2.3510022163391113,
      "max": 8.158260345458984
    },
    "Spike Rate": {
      "mean": 0.3439529538154602,
      "std": 0.08386535197496414,
      "min": 0.10588236153125763,
      "max": 0.5882352590560913
    },
    "Variance": {
      "mean": 6.605431757122915e-10,
      "std": 2.452445746481402e-10,
      "min": 1.739871580141994e-10,
      "max": 1.4949276261333466e-09
    },
    "Hjorth Activity": {
      "mean": 6.605431757122915e-10,
      "std": 2.452445746481402e-10,
      "min": 1.739871580141994e-10,
      "max": 1.4949276261333466e-09
    },
    "Hjorth Mobility": {
      "mean": 0.3176906704902649,
      "std": 0.06481940299272537,
      "min": 0.1899598389863968,
      "max": 0.5263596773147583
    },
    "Hjorth Complexity": {
      "mean": 2.79490327835083,
      "std": 0.47911685705184937,
      "min": 1.6539374589920044,
      "max": 4.3046979904174805
    },
    "Sample Entropy": {
      "mean": 1.6183022260665894,
      "std": 0.16025732457637787,
      "min": 1.2455575466156006,
      "max": 2.07745361328125
    }
  }
}