gene,pLI,oe_lof,oe_lof_upper,oe_mis,obs_lof,exp_lof
SCN1A,1.0,0.022602,0.071,0.55103,2.0,88.487
PCDH19,0.99975,0.0,0.126,0.67336,0.0,23.729
SCN2A,1.0,0.060487,0.127,0.44204,5.0,82.663
SCN8A,1.0,0.061954,0.13,0.35351,5.0,80.704
KCNQ2,0.99998,0.050284,0.158,0.51666,2.0,39.774
GRIN2A,0.99998,0.08196,0.188,0.72345,4.0,48.805
DEPDC5,0.1165,0.23539,0.331,0.757,24.0,101.96
GABRA1,0.91489,0.14198,0.367,0.43167,3.0,21.129
KCNT1,2.7613e-05,0.32431,0.471,0.7153,20.0,61.67
